scheme,workload,gpu_id,comp_type,comp_id,hit_rate,remote_hit_rate,read_hits,read_misses,write_hits,write_misses
CD,im2col,2,L1SCache,,0.995850622406639,,11520.0,48.0,0.0,0.0
CD,im2col,2,L1ICache,,0.9940235323414057,,47901.0,288.0,0.0,0.0
CD,im2col,2,L2Cache,0,0.6045858680393075,0.594170403587444,340.0,332.0,952.0,513.0
CD,im2col,2,L2Cache,1,0.5910636231180184,0.5675029868578255,330.0,329.0,887.0,513.0
CD,im2col,2,L2Cache,2,0.6043233082706767,0.5959595959595959,350.0,330.0,936.0,512.0
CD,im2col,2,L2Cache,3,0.5961630695443645,0.5918367346938775,337.0,330.0,906.0,512.0
CD,im2col,2,L2Cache,4,0.5942168674698796,0.590443686006826,333.0,330.0,900.0,512.0
CD,im2col,2,L2Cache,5,0.6017029328287606,0.6004439511653719,343.0,330.0,929.0,512.0
CD,im2col,2,L2Cache,6,0.6013257575757576,0.6017699115044248,364.0,330.0,906.0,512.0
CD,im2col,2,L2Cache,7,0.6022673594709494,0.6022099447513812,357.0,330.0,918.0,512.0
CD,im2col,2,L2Cache,8,0.5949855351976856,0.5812865497076023,369.0,328.0,865.0,512.0
CD,im2col,2,L2Cache,9,0.5827123695976155,0.5541718555417185,350.0,328.0,823.0,512.0
CD,im2col,2,L2Cache,10,0.5900439238653001,0.5832363213038417,340.0,328.0,869.0,512.0
CD,im2col,2,L2Cache,11,0.5861728395061728,0.5628815628815629,328.0,326.0,859.0,512.0
CD,im2col,2,L2Cache,12,0.5805805805805806,0.549685534591195,307.0,326.0,853.0,512.0
CD,im2col,2,L2Cache,13,0.5765538150581102,0.541025641025641,326.0,326.0,815.0,512.0
CD,im2col,2,L2Cache,14,0.6060178655383168,0.6,368.0,326.0,921.0,512.0
CD,im2col,2,L2Cache,15,0.5980815347721823,0.5903890160183066,347.0,326.0,900.0,512.0
CD,im2col,3,L1SCache,,0.995850622406639,,11520.0,48.0,0.0,0.0
CD,im2col,3,L1ICache,,0.9940235323414057,,47901.0,288.0,0.0,0.0
CD,im2col,3,L2Cache,0,0.5969341749323716,0.5699039487726788,342.0,380.0,982.0,514.0
CD,im2col,3,L2Cache,1,0.6018641810918774,0.5757261410788381,382.0,377.0,974.0,520.0
CD,im2col,3,L2Cache,2,0.5957253296953161,0.5591160220994476,365.0,379.0,945.0,510.0
CD,im2col,3,L2Cache,3,0.5904059040590406,0.5597345132743363,372.0,376.0,908.0,512.0
CD,im2col,3,L2Cache,4,0.5779467680608364,0.5420023014959724,337.0,376.0,879.0,512.0
CD,im2col,3,L2Cache,5,0.5875522526706921,0.5597345132743363,346.0,376.0,919.0,512.0
CD,im2col,3,L2Cache,6,0.5919117647058824,0.5687973997833152,353.0,376.0,935.0,512.0
CD,im2col,3,L2Cache,7,0.5892691951896393,0.5548098434004475,362.0,376.0,912.0,512.0
CD,im2col,3,L2Cache,8,0.5963718820861678,0.5731056563500534,368.0,378.0,947.0,512.0
CD,im2col,3,L2Cache,9,0.5854680950163018,0.5580110497237569,360.0,378.0,897.0,512.0
CD,im2col,3,L2Cache,10,0.5827473042662916,0.5652173913043478,373.0,378.0,870.0,512.0
CD,im2col,3,L2Cache,11,0.5919117647058824,0.5698924731182796,372.0,376.0,916.0,512.0
CD,im2col,3,L2Cache,12,0.5892691951896393,0.5565410199556541,397.0,376.0,877.0,512.0
CD,im2col,3,L2Cache,13,0.5869767441860465,0.5520716685330347,382.0,376.0,880.0,512.0
CD,im2col,3,L2Cache,14,0.5989159891598916,0.574468085106383,409.0,376.0,917.0,512.0
CD,im2col,3,L2Cache,15,0.5958124715521165,0.5721925133689839,378.0,376.0,931.0,512.0
CD,im2col,4,L1SCache,,0.995850622406639,,11520.0,48.0,0.0,0.0
CD,im2col,4,L1ICache,,0.9940235323414057,,47901.0,288.0,0.0,0.0
CD,im2col,4,L2Cache,0,0.5760709010339734,0.5254658385093167,249.0,379.0,921.0,482.0
CD,im2col,4,L2Cache,1,0.5904988123515439,0.5511627906976744,291.0,376.0,952.0,486.0
CD,im2col,4,L2Cache,2,0.5794846864365581,0.545774647887324,287.0,374.0,905.0,491.0
CD,im2col,4,L2Cache,3,0.575098814229249,0.5452380952380952,283.0,378.0,881.0,482.0
CD,im2col,4,L2Cache,4,0.5704295704295704,0.5341463414634147,292.0,378.0,850.0,482.0
CD,im2col,4,L2Cache,5,0.5804878048780487,0.5563298490127758,294.0,378.0,896.0,482.0
CD,im2col,4,L2Cache,6,0.5817120622568094,0.54739336492891,288.0,378.0,908.0,482.0
CD,im2col,4,L2Cache,7,0.5790504160548213,0.5414165666266506,275.0,378.0,908.0,482.0
CD,im2col,4,L2Cache,8,0.5745937961595273,0.5332527206771464,268.0,382.0,899.0,482.0
CD,im2col,4,L2Cache,9,0.5779189057156815,0.5522041763341067,284.0,382.0,899.0,482.0
CD,im2col,4,L2Cache,10,0.562753036437247,0.5132408575031526,279.0,382.0,833.0,482.0
CD,im2col,4,L2Cache,11,0.5741106719367589,0.5393794749403341,266.0,380.0,896.0,482.0
CD,im2col,4,L2Cache,12,0.5746785361028685,0.5487661574618097,258.0,378.0,904.0,482.0
CD,im2col,4,L2Cache,13,0.5796676441837733,0.5626423690205011,285.0,378.0,901.0,482.0
CD,im2col,4,L2Cache,14,0.5765632693254554,0.5471698113207547,270.0,378.0,901.0,482.0
CD,im2col,4,L2Cache,15,0.5621181262729125,0.5241635687732342,253.0,378.0,851.0,482.0
CD,im2col,5,L1SCache,,0.9952267303102625,,10008.0,48.0,0.0,0.0
CD,im2col,5,L1ICache,,0.9931246866719187,,41601.0,288.0,0.0,0.0
CD,im2col,5,L2Cache,0,0.5862831858407079,0.2756756756756757,65.0,393.0,730.0,168.0
CD,im2col,5,L2Cache,1,0.5763097949886105,0.24293785310734464,62.0,390.0,697.0,168.0
CD,im2col,5,L2Cache,2,0.5872434017595308,0.3476190476190476,67.0,390.0,734.0,173.0
CD,im2col,5,L2Cache,3,0.5685823754789272,0.23333333333333334,58.0,392.0,684.0,171.0
CD,im2col,5,L2Cache,4,0.5636645962732919,0.19767441860465115,65.0,394.0,661.0,168.0
CD,im2col,5,L2Cache,5,0.5732725892179195,0.18823529411764706,58.0,394.0,697.0,168.0
CD,im2col,5,L2Cache,6,0.5787106446776612,0.30303030303030304,58.0,394.0,714.0,168.0
CD,im2col,5,L2Cache,7,0.5793413173652695,0.28865979381443296,62.0,394.0,712.0,168.0
CD,im2col,5,L2Cache,8,0.5756207674943566,0.2631578947368421,63.0,396.0,702.0,168.0
CD,im2col,5,L2Cache,9,0.5624515128006207,0.25133689839572193,62.0,396.0,663.0,168.0
CD,im2col,5,L2Cache,10,0.5694656488549619,0.2631578947368421,67.0,396.0,679.0,168.0
CD,im2col,5,L2Cache,11,0.5700076511094109,0.2631578947368421,84.0,394.0,661.0,168.0
CD,im2col,5,L2Cache,12,0.5764883195177091,0.29292929292929293,75.0,394.0,690.0,168.0
CD,im2col,5,L2Cache,13,0.5700076511094109,0.24731182795698925,80.0,394.0,665.0,168.0
CD,im2col,5,L2Cache,14,0.5840118430792006,0.32367149758454106,81.0,394.0,708.0,168.0
CD,im2col,5,L2Cache,15,0.571972581873572,0.20454545454545456,67.0,394.0,684.0,168.0
CD,matrixmultiplication,2,L1SCache,,0.9795918367346939,,1536.0,32.0,0.0,0.0
CD,matrixmultiplication,2,L1ICache,,0.9995353389766701,,929278.0,432.0,0.0,0.0
CD,matrixmultiplication,2,L2Cache,0,0.6272348033373063,0.07686482393032942,8360.0,4004.0,60.0,1000.0
CD,matrixmultiplication,2,L2Cache,1,0.6291876667654906,0.07876841707593502,8433.0,4003.0,56.0,1000.0
CD,matrixmultiplication,2,L2Cache,2,0.6306545642388016,0.07842025699168556,8497.0,4005.0,49.0,1000.0
CD,matrixmultiplication,2,L2Cache,3,0.6307635558834378,0.08119819140919367,8486.0,4005.0,64.0,1000.0
CD,matrixmultiplication,2,L2Cache,4,0.6314239434545722,0.0830827067669173,8510.0,4006.0,66.0,1000.0
CD,matrixmultiplication,2,L2Cache,5,0.6315518256772674,0.08413145539906103,8521.0,4005.0,58.0,1000.0
CD,matrixmultiplication,2,L2Cache,6,0.6306273062730627,0.08033188761078634,8485.0,4005.0,60.0,1000.0
CD,matrixmultiplication,2,L2Cache,7,0.6298076923076923,0.08327067669172933,8452.0,4005.0,63.0,1000.0
CD,matrixmultiplication,2,L2Cache,8,0.6282527881040892,0.08417888012025554,8382.0,4000.0,68.0,1000.0
CD,matrixmultiplication,2,L2Cache,9,0.6249343635136149,0.08159035236480121,8264.0,4000.0,67.0,1000.0
CD,matrixmultiplication,2,L2Cache,10,0.6222423692958597,0.07846473813575346,8179.0,4000.0,57.0,1000.0
CD,matrixmultiplication,2,L2Cache,11,0.6251874062968515,0.08641049671977508,8283.0,4000.0,57.0,1000.0
CD,matrixmultiplication,2,L2Cache,12,0.6230966380220112,0.08141726347531097,8203.0,4000.0,63.0,1000.0
CD,matrixmultiplication,2,L2Cache,13,0.6220424824249754,0.08417888012025554,8162.0,4000.0,67.0,1000.0
CD,matrixmultiplication,2,L2Cache,14,0.6233805363061163,0.08331766033477525,8215.0,4000.0,61.0,1000.0
CD,matrixmultiplication,2,L2Cache,15,0.6249812453113278,0.08435092992673304,8264.0,3999.0,67.0,1000.0
CD,matrixmultiplication,3,L1SCache,,0.9795918367346939,,1536.0,32.0,0.0,0.0
CD,matrixmultiplication,3,L1ICache,,0.9995350193903372,,928639.0,432.0,0.0,0.0
CD,matrixmultiplication,3,L2Cache,0,0.6821628750412133,0.5202213707960834,12372.0,4784.0,42.0,1000.0
CD,matrixmultiplication,3,L2Cache,1,0.6808816218306358,0.5069991251093613,12285.0,4777.0,41.0,1000.0
CD,matrixmultiplication,3,L2Cache,2,0.6784221962226308,0.506140350877193,12141.0,4772.0,36.0,1000.0
CD,matrixmultiplication,3,L2Cache,3,0.6793918544001776,0.5202213707960834,12202.0,4778.0,42.0,1000.0
CD,matrixmultiplication,3,L2Cache,4,0.678739808086971,0.5208333333333334,12192.0,4792.0,45.0,1000.0
CD,matrixmultiplication,3,L2Cache,5,0.6770508247882301,0.5065731814198072,12111.0,4795.0,38.0,1000.0
CD,matrixmultiplication,3,L2Cache,6,0.6775698339534626,0.5206295193534666,12157.0,4806.0,44.0,1000.0
CD,matrixmultiplication,3,L2Cache,7,0.675814368585453,0.5061349693251533,12079.0,4812.0,37.0,1000.0
CD,matrixmultiplication,3,L2Cache,8,0.6761760921854897,0.5067952652345462,12046.0,4789.0,42.0,1000.0
CD,matrixmultiplication,3,L2Cache,9,0.6767840205322769,0.5067952652345462,12088.0,4793.0,42.0,1000.0
CD,matrixmultiplication,3,L2Cache,10,0.6766427018893162,0.5067893123083662,12098.0,4802.0,43.0,1000.0
CD,matrixmultiplication,3,L2Cache,11,0.6762537696861387,0.4936993699369937,12064.0,4797.0,45.0,1000.0
CD,matrixmultiplication,3,L2Cache,12,0.6775451102695478,0.5059288537549407,12128.0,4790.0,38.0,1000.0
CD,matrixmultiplication,3,L2Cache,13,0.677072300574168,0.506140350877193,12106.0,4793.0,40.0,1000.0
CD,matrixmultiplication,3,L2Cache,14,0.6786526829809667,0.5074430823117339,12185.0,4791.0,45.0,1000.0
CD,matrixmultiplication,3,L2Cache,15,0.6796277833167165,0.5198463508322664,12228.0,4784.0,42.0,1000.0
CD,matrixmultiplication,4,L1SCache,,0.9795918367346939,,1536.0,32.0,0.0,0.0
CD,matrixmultiplication,4,L1ICache,,0.99953532248297,,929245.0,432.0,0.0,0.0
CD,matrixmultiplication,4,L2Cache,0,0.3758675078864353,0.4151935719503287,2906.0,4749.0,1860.0,3165.0
CD,matrixmultiplication,4,L2Cache,1,0.3746147158776575,0.4189757725228493,2888.0,4749.0,1852.0,3164.0
CD,matrixmultiplication,4,L2Cache,2,0.3801316201817612,0.4281633818908883,2998.0,4750.0,1854.0,3162.0
CD,matrixmultiplication,4,L2Cache,3,0.3834645055715733,0.43342295174755907,3063.0,4750.0,1858.0,3162.0
CD,matrixmultiplication,4,L2Cache,4,0.3921960211997849,0.4476623913942904,3246.0,4751.0,1860.0,3162.0
CD,matrixmultiplication,4,L2Cache,5,0.39724253503961,0.4559163157179731,3356.0,4751.0,1859.0,3162.0
CD,matrixmultiplication,4,L2Cache,6,0.3970431336686481,0.45538628944504894,3348.0,4750.0,1862.0,3162.0
CD,matrixmultiplication,4,L2Cache,7,0.39627679865720605,0.45479302832244006,3340.0,4750.0,1854.0,3163.0
CD,matrixmultiplication,4,L2Cache,8,0.3951193390452876,0.4513650706544108,3290.0,4745.0,1875.0,3162.0
CD,matrixmultiplication,4,L2Cache,9,0.39237685391531546,0.4455843615693886,3242.0,4745.0,1864.0,3162.0
CD,matrixmultiplication,4,L2Cache,10,0.386518771331058,0.43582510578279265,3118.0,4746.0,1865.0,3163.0
CD,matrixmultiplication,4,L2Cache,11,0.38869995362498067,0.43851768669286917,3152.0,4746.0,1877.0,3163.0
CD,matrixmultiplication,4,L2Cache,12,0.38257339163023113,0.42961061189559263,3040.0,4745.0,1860.0,3163.0
CD,matrixmultiplication,4,L2Cache,13,0.37279936558287075,0.41211052322163433,2832.0,4746.0,1869.0,3163.0
CD,matrixmultiplication,4,L2Cache,14,0.3783996227008332,0.421631000578369,2942.0,4746.0,1872.0,3162.0
CD,matrixmultiplication,4,L2Cache,15,0.37820412014467686,0.42165365712633707,2931.0,4746.0,1879.0,3162.0
CD,matrixmultiplication,5,L1SCache,,0.9795918367346939,,1536.0,32.0,0.0,0.0
CD,matrixmultiplication,5,L1ICache,,0.9995352704951629,,929141.0,432.0,0.0,0.0
CD,matrixmultiplication,5,L2Cache,0,0.39618930547019054,0.3914983269302268,3198.0,4004.0,25.0,908.0
CD,matrixmultiplication,5,L2Cache,1,0.3873502994011976,0.3873502994011976,3076.0,4003.0,29.0,908.0
CD,matrixmultiplication,5,L2Cache,2,0.4005126953125,0.40061050061050063,3246.0,4005.0,35.0,906.0
CD,matrixmultiplication,5,L2Cache,3,0.4088830043331729,0.4089814591861305,3371.0,4005.0,26.0,906.0
CD,matrixmultiplication,5,L2Cache,4,0.40257844806616394,0.402676399026764,3280.0,4006.0,30.0,906.0
CD,matrixmultiplication,5,L2Cache,5,0.401316591490918,0.4014144616510182,3265.0,4005.0,27.0,906.0
CD,matrixmultiplication,5,L2Cache,6,0.4005858659831564,0.4006836772066903,3254.0,4005.0,28.0,906.0
CD,matrixmultiplication,5,L2Cache,7,0.38365963855421686,0.38375596284207886,3026.0,4005.0,31.0,906.0
CD,matrixmultiplication,5,L2Cache,8,0.3847504389265112,0.38484696437531357,3031.0,4000.0,37.0,906.0
CD,matrixmultiplication,5,L2Cache,9,0.38636647904940585,0.38430634023854365,3061.0,4000.0,28.0,906.0
CD,matrixmultiplication,5,L2Cache,10,0.37086432418568865,0.368692070030896,2858.0,4000.0,34.0,906.0
CD,matrixmultiplication,5,L2Cache,11,0.3646723646723647,0.3624544981799272,2777.0,4000.0,39.0,906.0
CD,matrixmultiplication,5,L2Cache,12,0.3752705972239908,0.3731305125910776,2915.0,4000.0,32.0,906.0
CD,matrixmultiplication,5,L2Cache,13,0.3743145007014411,0.3721674561515811,2903.0,4000.0,32.0,906.0
CD,matrixmultiplication,5,L2Cache,14,0.3818823232959557,0.3801036531411958,2994.0,4000.0,37.0,906.0
CD,matrixmultiplication,5,L2Cache,15,0.395638245441104,0.3950906623905267,3177.0,3999.0,34.0,906.0
REC,im2col,2,L1SCache,,0.995850622406639,,11520.0,48.0,0.0,0.0
REC,im2col,2,L1ICache,,0.9940235323414057,,47901.0,288.0,0.0,0.0
REC,im2col,2,L2Cache,0,0.6449579831932774,0.6589002795899348,448.0,332.0,1087.0,513.0
REC,im2col,2,L2Cache,1,0.6450252951096122,0.655367231638418,492.0,329.0,1038.0,513.0
REC,im2col,2,L2Cache,2,0.6412441414571793,0.6520076481835564,467.0,330.0,1038.0,512.0
REC,im2col,2,L2Cache,3,0.6313485113835376,0.6338028169014085,434.0,330.0,1008.0,512.0
REC,im2col,2,L2Cache,4,0.636755823986195,0.645224171539961,457.0,330.0,1019.0,512.0
REC,im2col,2,L2Cache,5,0.645324347093513,0.6623376623376623,496.0,330.0,1036.0,512.0
REC,im2col,2,L2Cache,6,0.6415495955725841,0.6569274269557022,475.0,330.0,1032.0,512.0
REC,im2col,2,L2Cache,7,0.6383161512027491,0.6476282671829623,454.0,330.0,1032.0,512.0
REC,im2col,2,L2Cache,8,0.6368352788586251,0.6415841584158416,466.0,328.0,1007.0,512.0
REC,im2col,2,L2Cache,9,0.6357328707718994,0.642292490118577,469.0,328.0,997.0,512.0
REC,im2col,2,L2Cache,10,0.6428571428571429,0.6565464895635673,476.0,328.0,1036.0,512.0
REC,im2col,2,L2Cache,11,0.6404976404976405,0.6555661274976213,451.0,326.0,1042.0,512.0
REC,im2col,2,L2Cache,12,0.6474547749263778,0.6613657623947614,490.0,326.0,1049.0,512.0
REC,im2col,2,L2Cache,13,0.6461148648648649,0.6571969696969697,479.0,326.0,1051.0,512.0
REC,im2col,2,L2Cache,14,0.640343347639485,0.6519230769230769,446.0,326.0,1046.0,512.0
REC,im2col,2,L2Cache,15,0.6438589035274118,0.6502415458937199,423.0,326.0,1092.0,512.0
REC,im2col,3,L1SCache,,0.995850622406639,,11520.0,48.0,0.0,0.0
REC,im2col,3,L1ICache,,0.9940235323414057,,47901.0,288.0,0.0,0.0
REC,im2col,3,L2Cache,0,0.6398066075745367,0.635623869801085,493.0,380.0,1095.0,514.0
REC,im2col,3,L2Cache,1,0.6416,0.6382978723404256,537.0,377.0,1067.0,519.0
REC,im2col,3,L2Cache,2,0.6425412143144351,0.6402164111812444,532.0,378.0,1066.0,511.0
REC,im2col,3,L2Cache,3,0.6426559356136821,0.6493392070484582,530.0,376.0,1067.0,512.0
REC,im2col,3,L2Cache,4,0.6385836385836385,0.6474756421612046,511.0,376.0,1058.0,512.0
REC,im2col,3,L2Cache,5,0.6439454691259021,0.644325290437891,512.0,376.0,1094.0,512.0
REC,im2col,3,L2Cache,6,0.6394640682095006,0.6411181244364292,503.0,376.0,1072.0,512.0
REC,im2col,3,L2Cache,7,0.6354679802955665,0.6328413284132841,487.0,376.0,1061.0,512.0
REC,im2col,3,L2Cache,8,0.6355446355446356,0.6366939146230699,497.0,378.0,1055.0,512.0
REC,im2col,3,L2Cache,9,0.6359918200408998,0.6282527881040892,492.0,378.0,1063.0,512.0
REC,im2col,3,L2Cache,10,0.6415626258558196,0.6370235934664247,505.0,378.0,1088.0,512.0
REC,im2col,3,L2Cache,11,0.6422240128928284,0.6415770609318996,516.0,376.0,1078.0,512.0
REC,im2col,3,L2Cache,12,0.6523101018010963,0.6554694229112834,585.0,376.0,1081.0,512.0
REC,im2col,3,L2Cache,13,0.6484560570071259,0.6545768566493955,568.0,376.0,1070.0,512.0
REC,im2col,3,L2Cache,14,0.6426559356136821,0.645075421472937,550.0,376.0,1047.0,512.0
REC,im2col,3,L2Cache,15,0.6483168316831683,0.6524761077324066,531.0,376.0,1106.0,512.0
REC,im2col,4,L1SCache,,0.995850622406639,,11520.0,48.0,0.0,0.0
REC,im2col,4,L1ICache,,0.9940235323414057,,47901.0,288.0,0.0,0.0
REC,im2col,4,L2Cache,0,0.6195315952275741,0.6021052631578947,335.0,379.0,1067.0,482.0
REC,im2col,4,L2Cache,1,0.6222611744084137,0.6053719008264463,365.0,376.0,1055.0,486.0
REC,im2col,4,L2Cache,2,0.6192781690140845,0.6026970954356846,364.0,376.0,1043.0,489.0
REC,im2col,4,L2Cache,3,0.615556548949486,0.5991516436903499,341.0,378.0,1036.0,482.0
REC,im2col,4,L2Cache,4,0.6204766107678729,0.6138917262512769,354.0,378.0,1052.0,482.0
REC,im2col,4,L2Cache,5,0.6214788732394366,0.6134969325153374,362.0,378.0,1050.0,482.0
REC,im2col,4,L2Cache,6,0.6203090507726269,0.609100310237849,367.0,378.0,1038.0,482.0
REC,im2col,4,L2Cache,7,0.6167557932263814,0.5982996811902231,357.0,378.0,1027.0,482.0
REC,im2col,4,L2Cache,8,0.6086956521739131,0.5865800865800865,350.0,382.0,994.0,482.0
REC,im2col,4,L2Cache,9,0.6193832599118942,0.6061855670103092,387.0,382.0,1019.0,482.0
REC,im2col,4,L2Cache,10,0.619215513442045,0.6024973985431842,372.0,382.0,1033.0,482.0
REC,im2col,4,L2Cache,11,0.6234163390126692,0.609805924412666,370.0,380.0,1057.0,482.0
REC,im2col,4,L2Cache,12,0.6237970253718286,0.6184738955823293,375.0,378.0,1051.0,482.0
REC,im2col,4,L2Cache,13,0.6229723805348532,0.6149949341438703,367.0,378.0,1054.0,482.0
REC,im2col,4,L2Cache,14,0.6233026719229084,0.6130346232179226,381.0,378.0,1042.0,482.0
REC,im2col,4,L2Cache,15,0.6216454025516938,0.6062176165803109,364.0,378.0,1049.0,482.0
REC,im2col,5,L1SCache,,0.9952267303102625,,10008.0,48.0,0.0,0.0
REC,im2col,5,L1ICache,,0.9931246866719187,,41601.0,288.0,0.0,0.0
REC,im2col,5,L2Cache,0,0.6212018906144497,0.47244094488188976,106.0,393.0,814.0,168.0
REC,im2col,5,L2Cache,1,0.6216949152542373,0.5055350553505535,106.0,390.0,811.0,168.0
REC,im2col,5,L2Cache,2,0.6167460857726345,0.4944649446494465,105.0,390.0,801.0,173.0
REC,im2col,5,L2Cache,3,0.6122589531680441,0.43209876543209874,95.0,392.0,794.0,171.0
REC,im2col,5,L2Cache,4,0.6102635228848821,0.4051724137931034,97.0,394.0,783.0,168.0
REC,im2col,5,L2Cache,5,0.6161202185792349,0.4297520661157025,92.0,394.0,810.0,168.0
REC,im2col,5,L2Cache,6,0.6064425770308123,0.3755656108597285,82.0,394.0,784.0,168.0
REC,im2col,5,L2Cache,7,0.6053370786516854,0.3755656108597285,78.0,394.0,784.0,168.0
REC,im2col,5,L2Cache,8,0.6080611535788742,0.39914163090128757,91.0,396.0,784.0,168.0
REC,im2col,5,L2Cache,9,0.6131687242798354,0.4573643410852713,100.0,396.0,794.0,168.0
REC,im2col,5,L2Cache,10,0.6126373626373627,0.4190871369294606,100.0,396.0,792.0,168.0
REC,im2col,5,L2Cache,11,0.6150684931506849,0.391304347826087,89.0,394.0,809.0,168.0
REC,im2col,5,L2Cache,12,0.614010989010989,0.43089430894308944,87.0,394.0,807.0,168.0
REC,im2col,5,L2Cache,13,0.6171662125340599,0.44223107569721115,94.0,394.0,812.0,168.0
REC,im2col,5,L2Cache,14,0.6207827260458839,0.46564885496183206,95.0,394.0,825.0,168.0
REC,im2col,5,L2Cache,15,0.6233243967828418,0.4594594594594595,103.0,394.0,827.0,168.0
REC,matrixmultiplication,2,L1SCache,,0.9795918367346939,,1536.0,32.0,0.0,0.0
REC,matrixmultiplication,2,L1ICache,,0.9995353704613922,,929341.0,432.0,0.0,0.0
REC,matrixmultiplication,2,L2Cache,0,0.6175009552923194,0.018518518518518517,8028.0,4005.0,52.0,1000.0
REC,matrixmultiplication,2,L2Cache,1,0.6202185792349727,0.020092425155716295,8124.0,4004.0,48.0,1000.0
REC,matrixmultiplication,2,L2Cache,2,0.6217217141561484,0.01910699919549477,8180.0,4005.0,46.0,1000.0
REC,matrixmultiplication,2,L2Cache,3,0.6216175359032502,0.023036858974358976,8175.0,4006.0,49.0,1000.0
REC,matrixmultiplication,2,L2Cache,4,0.6220561594202898,0.021464393179538615,8190.0,4007.0,51.0,1000.0
REC,matrixmultiplication,2,L2Cache,5,0.6221500830439378,0.02205734910767997,8191.0,4005.0,50.0,1000.0
REC,matrixmultiplication,2,L2Cache,6,0.6218462003323765,0.025379696243005595,8187.0,4006.0,45.0,1000.0
REC,matrixmultiplication,2,L2Cache,7,0.6207001060766782,0.024014408645187113,8138.0,4006.0,54.0,1000.0
REC,matrixmultiplication,2,L2Cache,8,0.6189133582260153,0.024028834601521828,8076.0,4001.0,46.0,1000.0
REC,matrixmultiplication,2,L2Cache,9,0.6159870997466022,0.02578452928243054,7971.0,4001.0,51.0,1000.0
REC,matrixmultiplication,2,L2Cache,10,0.6127883573308561,0.02285485164394547,7868.0,4002.0,48.0,1000.0
REC,matrixmultiplication,2,L2Cache,11,0.6166641116050897,0.03293650793650794,7991.0,4001.0,54.0,1000.0
REC,matrixmultiplication,2,L2Cache,12,0.6143286804966454,0.02714570858283433,7919.0,4001.0,47.0,1000.0
REC,matrixmultiplication,2,L2Cache,13,0.6114347859861726,0.02285485164394547,7818.0,4002.0,53.0,1000.0
REC,matrixmultiplication,2,L2Cache,14,0.6142096736866466,0.026173826173826173,7909.0,4001.0,53.0,1000.0
REC,matrixmultiplication,2,L2Cache,15,0.6149106592729513,0.021678040947410677,7932.0,4000.0,52.0,1000.0
REC,matrixmultiplication,3,L1SCache,,0.9795918367346939,,1536.0,32.0,0.0,0.0
REC,matrixmultiplication,3,L1ICache,,0.999535067431366,,928735.0,432.0,0.0,0.0
REC,matrixmultiplication,3,L2Cache,0,0.7105829151271164,0.5198125266297401,12845.0,4248.0,40.0,1000.0
REC,matrixmultiplication,3,L2Cache,1,0.7094740335158454,0.50871839581517,12779.0,4253.0,49.0,1000.0
REC,matrixmultiplication,3,L2Cache,2,0.7074542114346156,0.508296943231441,12662.0,4255.0,46.0,1000.0
REC,matrixmultiplication,3,L2Cache,3,0.7082269346064173,0.5200170357751278,12717.0,4256.0,41.0,1000.0
REC,matrixmultiplication,3,L2Cache,4,0.7083217830016078,0.5216468590831919,12727.0,4261.0,49.0,1000.0
REC,matrixmultiplication,3,L2Cache,5,0.7071567808409913,0.5091543156059285,12647.0,4258.0,50.0,1000.0
REC,matrixmultiplication,3,L2Cache,6,0.7075770191507077,0.5214437367303609,12699.0,4268.0,48.0,1000.0
REC,matrixmultiplication,3,L2Cache,7,0.7069464544138929,0.50871839581517,12652.0,4265.0,49.0,1000.0
REC,matrixmultiplication,3,L2Cache,8,0.7068349341076614,0.5083041958041958,12609.0,4250.0,49.0,1000.0
REC,matrixmultiplication,3,L2Cache,9,0.7073673651359786,0.507227332457293,12649.0,4251.0,44.0,1000.0
REC,matrixmultiplication,3,L2Cache,10,0.7077813648001781,0.5076519457804984,12669.0,4250.0,47.0,1000.0
REC,matrixmultiplication,3,L2Cache,11,0.7066741133761519,0.49324324324324326,12610.0,4252.0,43.0,1000.0
REC,matrixmultiplication,3,L2Cache,12,0.7077539214595617,0.507011393514461,12681.0,4254.0,43.0,1000.0
REC,matrixmultiplication,3,L2Cache,13,0.7075723830734967,0.508296943231441,12658.0,4252.0,50.0,1000.0
REC,matrixmultiplication,3,L2Cache,14,0.7090052646162371,0.5093763628434366,12740.0,4251.0,54.0,1000.0
REC,matrixmultiplication,3,L2Cache,15,0.7091715156553062,0.5210727969348659,12749.0,4248.0,48.0,1000.0
REC,matrixmultiplication,4,L1SCache,,0.9795918367346939,,1536.0,32.0,0.0,0.0
REC,matrixmultiplication,4,L1ICache,,0.9995352559964886,,929112.0,432.0,0.0,0.0
REC,matrixmultiplication,4,L2Cache,0,0.19607190412782957,0.2563626230726361,1444.0,4749.0,323.0,2496.0
REC,matrixmultiplication,4,L2Cache,1,0.1844943820224719,0.24708537044001505,1314.0,4748.0,328.0,2510.0
REC,matrixmultiplication,4,L2Cache,2,0.17755102040816326,0.23882867465297586,1256.0,4749.0,310.0,2505.0
REC,matrixmultiplication,4,L2Cache,3,0.19265850945494994,0.2601626016260163,1408.0,4750.0,324.0,2508.0
REC,matrixmultiplication,4,L2Cache,4,0.19253416287079214,0.2590194264569843,1400.0,4751.0,333.0,2517.0
REC,matrixmultiplication,4,L2Cache,5,0.18028900428990743,0.24314615239175646,1286.0,4749.0,311.0,2512.0
REC,matrixmultiplication,4,L2Cache,6,0.20085516938932135,0.2721323395746228,1497.0,4750.0,335.0,2539.0
REC,matrixmultiplication,4,L2Cache,7,0.2011406010089932,0.2714701601164483,1492.0,4750.0,342.0,2534.0
REC,matrixmultiplication,4,L2Cache,8,0.18274738852072336,0.2461828463713478,1306.0,4745.0,321.0,2531.0
REC,matrixmultiplication,4,L2Cache,9,0.1962493105350248,0.2634002578743783,1458.0,4745.0,321.0,2541.0
REC,matrixmultiplication,4,L2Cache,10,0.20008775778850374,0.2682034394438346,1494.0,4746.0,330.0,2546.0
REC,matrixmultiplication,4,L2Cache,11,0.18995098039215685,0.25322128851540615,1384.0,4745.0,321.0,2526.0
REC,matrixmultiplication,4,L2Cache,12,0.20114310837546714,0.26945560833028864,1503.0,4745.0,327.0,2523.0
REC,matrixmultiplication,4,L2Cache,13,0.2010529779532741,0.26927292656192914,1502.0,4746.0,331.0,2538.0
REC,matrixmultiplication,4,L2Cache,14,0.18776560053679267,0.24901408450704227,1352.0,4745.0,327.0,2518.0
REC,matrixmultiplication,4,L2Cache,15,0.1884090400537033,0.25098333021165015,1350.0,4744.0,334.0,2510.0
REC,matrixmultiplication,5,L1SCache,,0.9795918367346939,,1536.0,32.0,0.0,0.0
REC,matrixmultiplication,5,L1ICache,,0.9995352659956711,,929132.0,432.0,0.0,0.0
REC,matrixmultiplication,5,L2Cache,0,0.27128448531592997,0.2643798681845416,1786.0,4005.0,43.0,908.0
REC,matrixmultiplication,5,L2Cache,1,0.27690269394965406,0.27690269394965406,1835.0,4004.0,46.0,908.0
REC,matrixmultiplication,5,L2Cache,2,0.2772626931567329,0.27734432504048284,1843.0,4005.0,41.0,906.0
REC,matrixmultiplication,5,L2Cache,3,0.2834427425237053,0.2835254633007442,1905.0,4006.0,38.0,906.0
REC,matrixmultiplication,5,L2Cache,4,0.2862124073805027,0.28629559657026593,1923.0,4007.0,47.0,906.0
REC,matrixmultiplication,5,L2Cache,5,0.27512915129151294,0.2752103942123136,1820.0,4005.0,44.0,906.0
REC,matrixmultiplication,5,L2Cache,6,0.27132472926865453,0.2714052530048969,1789.0,4006.0,40.0,906.0
REC,matrixmultiplication,5,L2Cache,7,0.27562306444477214,0.2757043811771648,1823.0,4006.0,46.0,906.0
REC,matrixmultiplication,5,L2Cache,8,0.2723902728351127,0.27247107683180066,1790.0,4001.0,47.0,906.0
REC,matrixmultiplication,5,L2Cache,9,0.25831318016928656,0.2552383844518676,1670.0,4001.0,39.0,906.0
REC,matrixmultiplication,5,L2Cache,10,0.2578254952366551,0.2547470758013064,1662.0,4002.0,43.0,906.0
REC,matrixmultiplication,5,L2Cache,11,0.2526652452025586,0.24954100367197063,1610.0,4001.0,49.0,906.0
REC,matrixmultiplication,5,L2Cache,12,0.2595442885166742,0.25648021828103684,1677.0,4001.0,43.0,906.0
REC,matrixmultiplication,5,L2Cache,13,0.26128838049367853,0.25824009676443904,1689.0,4002.0,47.0,906.0
REC,matrixmultiplication,5,L2Cache,14,0.27859453102028814,0.27569403425871236,1845.0,4001.0,50.0,906.0
REC,matrixmultiplication,5,L2Cache,15,0.267433179035389,0.266377505234819,1740.0,4000.0,51.0,906.0
REC,pagerank,2,L1SCache,,0.9988649262202043,,112640.0,128.0,0.0,0.0
REC,pagerank,2,L1ICache,,0.9989429712671132,,786280.0,832.0,0.0,0.0
REC,pagerank,2,L2Cache,0,0.7195340128978573,0.8426972023156767,64345.0,26850.0,4831.0,114.0
REC,pagerank,2,L2Cache,1,0.7176312275723942,0.8408151741485075,64039.0,26909.0,4756.0,160.0
REC,pagerank,2,L2Cache,2,0.7204511761473786,0.8426225334182049,64696.0,26838.0,4798.0,127.0
REC,pagerank,2,L2Cache,3,0.718211948138575,0.8404042988741044,64158.0,26891.0,4753.0,146.0
REC,pagerank,2,L2Cache,4,0.7158375431084487,0.8408596582081823,63040.0,26823.0,4835.0,121.0
REC,pagerank,2,L2Cache,5,0.7191765845125417,0.8422315230706411,64305.0,26817.0,4764.0,153.0
REC,pagerank,2,L2Cache,6,0.7180923179609119,0.8415534478338887,64064.0,26892.0,4791.0,139.0
REC,pagerank,2,L2Cache,7,0.7178128852945479,0.8414474528422944,63907.0,26859.0,4792.0,148.0
REC,pagerank,2,L2Cache,8,0.7178561714058544,0.840772664306603,63783.0,26835.0,4834.0,134.0
REC,pagerank,2,L2Cache,9,0.7191188287225938,0.842261523892401,64124.0,26767.0,4787.0,149.0
REC,pagerank,2,L2Cache,10,0.7177011446104868,0.8410779952169105,63707.0,26831.0,4827.0,126.0
REC,pagerank,2,L2Cache,11,0.7186528985279809,0.8423620025673941,63889.0,26737.0,4802.0,155.0
REC,pagerank,2,L2Cache,12,0.7175849278035081,0.8411402672984317,63662.0,26823.0,4820.0,129.0
REC,pagerank,2,L2Cache,13,0.7172631534782243,0.8403876888178584,63599.0,26801.0,4782.0,154.0
REC,pagerank,2,L2Cache,14,0.717732409236784,0.8410984897048642,63821.0,26875.0,4838.0,127.0
REC,pagerank,2,L2Cache,15,0.7175051313199011,0.8407921810699589,63705.0,26843.0,4811.0,133.0
REC,pagerank,3,L1SCache,,0.9988649262202043,,112640.0,128.0,0.0,0.0
REC,pagerank,3,L1ICache,,0.9989405228366992,,784461.0,832.0,0.0,0.0
REC,pagerank,3,L2Cache,0,0.8809515033113396,0.7939119615582633,66806.0,9667.0,4892.0,22.0
REC,pagerank,3,L2Cache,1,0.879584655035686,0.7905477281114994,66110.0,9698.0,4876.0,20.0
REC,pagerank,3,L2Cache,2,0.8795542167181127,0.7911699683558021,66101.0,9694.0,4850.0,22.0
REC,pagerank,3,L2Cache,3,0.8801956591205171,0.7920628092062809,66793.0,9724.0,4825.0,24.0
REC,pagerank,3,L2Cache,4,0.8797166312249641,0.7909128334019457,66262.0,9706.0,4893.0,23.0
REC,pagerank,3,L2Cache,5,0.8797796660409051,0.791125822083766,66368.0,9712.0,4866.0,22.0
REC,pagerank,3,L2Cache,6,0.8797925793915993,0.7912704429762807,66223.0,9689.0,4866.0,24.0
REC,pagerank,3,L2Cache,7,0.8791563982216498,0.7892513392273856,66089.0,9733.0,4902.0,25.0
REC,pagerank,3,L2Cache,8,0.8795070291695052,0.7915388934479333,66103.0,9703.0,4904.0,25.0
REC,pagerank,3,L2Cache,9,0.8788960029837757,0.7897848293849163,65805.0,9719.0,4889.0,22.0
REC,pagerank,3,L2Cache,10,0.8790734148223754,0.790291008743312,65688.0,9691.0,4935.0,24.0
REC,pagerank,3,L2Cache,11,0.8802276908639658,0.7921971429804497,66405.0,9675.0,4882.0,25.0
REC,pagerank,3,L2Cache,12,0.8797873790377538,0.7911804260118867,66099.0,9675.0,4906.0,27.0
REC,pagerank,3,L2Cache,13,0.8803037564050576,0.7924585024372437,66778.0,9715.0,4862.0,26.0
REC,pagerank,3,L2Cache,14,0.8790267349048028,0.7903138116260358,65690.0,9685.0,4902.0,30.0
REC,pagerank,3,L2Cache,15,0.8785968315551245,0.7889198727724283,65763.0,9734.0,4892.0,29.0
REC,pagerank,4,L1SCache,,0.9988649262202043,,112640.0,128.0,0.0,0.0
REC,pagerank,4,L1ICache,,0.9989417343346154,,785360.0,832.0,0.0,0.0
REC,pagerank,4,L2Cache,0,0.8699560243993655,0.8717044237150845,65480.0,10064.0,1979.0,20.0
REC,pagerank,4,L2Cache,1,0.8695753525778003,0.8713866394108551,65170.0,10053.0,1976.0,18.0
REC,pagerank,4,L2Cache,2,0.8711173757047668,0.8728188616535106,65999.0,10040.0,1983.0,18.0
REC,pagerank,4,L2Cache,3,0.8710425501928276,0.8728958630527818,66009.0,10047.0,1975.0,18.0
REC,pagerank,4,L2Cache,4,0.8695127646326276,0.8712137147665124,65049.0,10039.0,1980.0,20.0
REC,pagerank,4,L2Cache,5,0.871594635633988,0.8734031697645281,66314.0,10046.0,1992.0,17.0
REC,pagerank,4,L2Cache,6,0.869111435472829,0.8706215355584385,65297.0,10117.0,1987.0,16.0
REC,pagerank,4,L2Cache,7,0.8703530467098097,0.8719211822660099,65918.0,10099.0,2000.0,18.0
REC,pagerank,4,L2Cache,8,0.8703297270779002,0.871939489904079,65430.0,10023.0,1984.0,21.0
REC,pagerank,4,L2Cache,9,0.8693343693343694,0.8710299247292087,65143.0,10069.0,1987.0,21.0
REC,pagerank,4,L2Cache,10,0.872426461208766,0.8740420032310178,66390.0,9980.0,2003.0,21.0
REC,pagerank,4,L2Cache,11,0.8697564888854386,0.8714184601672478,65229.0,10043.0,1991.0,23.0
REC,pagerank,4,L2Cache,12,0.8686741022567364,0.8703033823568241,64685.0,10059.0,1984.0,20.0
REC,pagerank,4,L2Cache,13,0.8704767301104901,0.8721389725732619,65613.0,10036.0,1983.0,22.0
REC,pagerank,4,L2Cache,14,0.8699192253922229,0.8715961979678793,65220.0,10028.0,1983.0,21.0
REC,pagerank,4,L2Cache,15,0.8702600216684724,0.8719552809957293,65480.0,10038.0,1993.0,21.0
REC,pagerank,5,L1SCache,,0.9988649262202043,,112640.0,128.0,0.0,0.0
REC,pagerank,5,L1ICache,,0.9989402151414214,,784233.0,832.0,0.0,0.0
REC,pagerank,5,L2Cache,0,0.7063073135595953,0.9150677160887755,63934.0,27227.0,1766.0,92.0
REC,pagerank,5,L2Cache,1,0.7080870585724954,0.9153407174181941,64611.0,27258.0,1758.0,103.0
REC,pagerank,5,L2Cache,2,0.7062078170916802,0.9147911338448422,63843.0,27208.0,1763.0,85.0
REC,pagerank,5,L2Cache,3,0.7061832955363765,0.9153288194296584,63936.0,27248.0,1768.0,89.0
REC,pagerank,5,L2Cache,4,0.7051027670541549,0.9142844922225866,63623.0,27259.0,1764.0,88.0
REC,pagerank,5,L2Cache,5,0.7082422527967083,0.9161768861260243,64304.0,27135.0,1792.0,93.0
REC,pagerank,5,L2Cache,6,0.7048002237665942,0.9139294620591378,63782.0,27335.0,1732.0,105.0
REC,pagerank,5,L2Cache,7,0.7064942306867413,0.9154027159583817,64115.0,27272.0,1767.0,98.0
REC,pagerank,5,L2Cache,8,0.7062541188163737,0.9150496518662253,63584.0,27097.0,1789.0,93.0
REC,pagerank,5,L2Cache,9,0.7053475128348936,0.9151254153179232,63634.0,27218.0,1763.0,101.0
REC,pagerank,5,L2Cache,10,0.7036896323393723,0.913825268354285,63038.0,27212.0,1788.0,85.0
REC,pagerank,5,L2Cache,11,0.7070616012019747,0.9156084730903024,64095.0,27201.0,1789.0,95.0
REC,pagerank,5,L2Cache,12,0.7029214069739619,0.9133513100405197,62832.0,27222.0,1796.0,92.0
REC,pagerank,5,L2Cache,13,0.70431454192555,0.9146699932607791,63156.0,27171.0,1798.0,98.0
REC,pagerank,5,L2Cache,14,0.7062549144217408,0.9153745483513045,63742.0,27180.0,1826.0,91.0
REC,pagerank,5,L2Cache,15,0.7055954243781363,0.9148726728011983,63598.0,27179.0,1786.0,102.0
HMG,im2col,2,L1SCache,,0.995850622406639,,11520.0,48.0,0.0,0.0
HMG,im2col,2,L1ICache,,0.9940235323414057,,47901.0,288.0,0.0,0.0
HMG,im2col,2,L2Cache,0,0.6044007490636704,0.5918827508455468,333.0,332.0,958.0,513.0
HMG,im2col,2,L2Cache,1,0.6009478672985782,0.5815028901734104,333.0,328.0,935.0,514.0
HMG,im2col,2,L2Cache,2,0.599047619047619,0.5852534562211982,348.0,330.0,910.0,512.0
HMG,im2col,2,L2Cache,3,0.5938253738543174,0.5913734392735528,332.0,330.0,899.0,512.0
HMG,im2col,2,L2Cache,4,0.591460456089277,0.5794392523364486,337.0,330.0,882.0,512.0
HMG,im2col,2,L2Cache,5,0.603017444601603,0.5968645016797313,338.0,330.0,941.0,512.0
HMG,im2col,2,L2Cache,6,0.5996195910603899,0.5973154362416108,360.0,330.0,901.0,512.0
HMG,im2col,2,L2Cache,7,0.5948026948989413,0.5909090909090909,353.0,330.0,883.0,512.0
HMG,im2col,2,L2Cache,8,0.5951807228915663,0.5783274440518257,367.0,328.0,868.0,512.0
HMG,im2col,2,L2Cache,9,0.5829195630585898,0.5618115055079559,337.0,328.0,837.0,512.0
HMG,im2col,2,L2Cache,10,0.582089552238806,0.5623471882640587,347.0,328.0,823.0,512.0
HMG,im2col,2,L2Cache,11,0.5818363273453094,0.55527950310559,311.0,326.0,855.0,512.0
HMG,im2col,2,L2Cache,12,0.5867850098619329,0.5707434052757794,301.0,326.0,889.0,512.0
HMG,im2col,2,L2Cache,13,0.5786827551533434,0.5356679636835279,330.0,326.0,821.0,512.0
HMG,im2col,2,L2Cache,14,0.5988511249401628,0.5936435868331441,364.0,326.0,887.0,512.0
HMG,im2col,2,L2Cache,15,0.6001908396946565,0.5908571428571429,345.0,326.0,913.0,512.0
HMG,im2col,3,L1SCache,,0.995850622406639,,11520.0,48.0,0.0,0.0
HMG,im2col,3,L1ICache,,0.9940235323414057,,47901.0,288.0,0.0,0.0
HMG,im2col,3,L2Cache,0,0.597752808988764,0.5679144385026738,342.0,380.0,988.0,515.0
HMG,im2col,3,L2Cache,1,0.6045895851721095,0.5767634854771784,384.0,377.0,986.0,519.0
HMG,im2col,3,L2Cache,2,0.5997298514182801,0.5732620320855615,371.0,379.0,961.0,510.0
HMG,im2col,3,L2Cache,3,0.5941499085923218,0.5645514223194749,378.0,376.0,922.0,512.0
HMG,im2col,3,L2Cache,4,0.5840749414519907,0.5528089887640449,348.0,376.0,899.0,512.0
HMG,im2col,3,L2Cache,5,0.6008988764044944,0.5819327731092437,368.0,376.0,969.0,512.0
HMG,im2col,3,L2Cache,6,0.5958124715521165,0.5756929637526652,358.0,376.0,951.0,512.0
HMG,im2col,3,L2Cache,7,0.5871687587168759,0.5538116591928252,364.0,376.0,899.0,512.0
HMG,im2col,3,L2Cache,8,0.5924908424908425,0.5666305525460456,364.0,378.0,930.0,512.0
HMG,im2col,3,L2Cache,9,0.581766917293233,0.546485260770975,352.0,378.0,886.0,512.0
HMG,im2col,3,L2Cache,10,0.5883441258094357,0.5670995670995671,368.0,378.0,904.0,512.0
HMG,im2col,3,L2Cache,11,0.5913483663138518,0.5753715498938429,371.0,376.0,914.0,512.0
HMG,im2col,3,L2Cache,12,0.5992779783393501,0.5618838992332968,420.0,376.0,908.0,512.0
HMG,im2col,3,L2Cache,13,0.5963636363636363,0.5785036880927292,405.0,376.0,907.0,512.0
HMG,im2col,3,L2Cache,14,0.5928473177441541,0.5694294940796556,417.0,376.0,876.0,512.0
HMG,im2col,3,L2Cache,15,0.5958124715521165,0.5731056563500534,388.0,376.0,921.0,512.0
HMG,im2col,4,L1SCache,,0.995850622406639,,11520.0,48.0,0.0,0.0
HMG,im2col,4,L1ICache,,0.9940235323414057,,47901.0,288.0,0.0,0.0
HMG,im2col,4,L2Cache,0,0.5779411764705882,0.5248756218905473,259.0,379.0,920.0,482.0
HMG,im2col,4,L2Cache,1,0.5879541108986616,0.5458823529411765,288.0,376.0,942.0,486.0
HMG,im2col,4,L2Cache,2,0.5805043646944714,0.548951048951049,282.0,374.0,915.0,491.0
HMG,im2col,4,L2Cache,3,0.5746785361028685,0.5392038600723763,272.0,378.0,890.0,482.0
HMG,im2col,4,L2Cache,4,0.5671867136386513,0.5318627450980392,280.0,378.0,847.0,482.0
HMG,im2col,4,L2Cache,5,0.5769798327594687,0.54739336492891,291.0,378.0,882.0,482.0
HMG,im2col,4,L2Cache,6,0.5811008280565026,0.5446960667461264,285.0,378.0,908.0,482.0
HMG,im2col,4,L2Cache,7,0.5736241943480417,0.5403128760529483,280.0,378.0,877.0,482.0
HMG,im2col,4,L2Cache,8,0.569077306733167,0.5298416565164433,266.0,382.0,875.0,482.0
HMG,im2col,4,L2Cache,9,0.5789473684210527,0.5532407407407407,274.0,382.0,914.0,482.0
HMG,im2col,4,L2Cache,10,0.5611985779583545,0.5175,268.0,382.0,837.0,482.0
HMG,im2col,4,L2Cache,11,0.5730559683011391,0.5354993983152828,268.0,380.0,889.0,482.0
HMG,im2col,4,L2Cache,12,0.5823215152986887,0.5626423690205011,268.0,378.0,931.0,482.0
HMG,im2col,4,L2Cache,13,0.5894988066825776,0.5770925110132159,298.0,378.0,937.0,482.0
HMG,im2col,4,L2Cache,14,0.5636732623033993,0.52,252.0,378.0,859.0,482.0
HMG,im2col,4,L2Cache,15,0.5678391959798995,0.5351089588377724,255.0,378.0,875.0,482.0
HMG,im2col,5,L1SCache,,0.9952267303102625,,10008.0,48.0,0.0,0.0
HMG,im2col,5,L1ICache,,0.9931246866719187,,41601.0,288.0,0.0,0.0
HMG,im2col,5,L2Cache,0,0.5884079236977257,0.3333333333333333,63.0,393.0,739.0,168.0
HMG,im2col,5,L2Cache,1,0.586360266864344,0.3197969543147208,61.0,390.0,730.0,168.0
HMG,im2col,5,L2Cache,2,0.5848082595870207,0.29743589743589743,67.0,390.0,726.0,173.0
HMG,im2col,5,L2Cache,3,0.5689127105666156,0.23756906077348067,57.0,392.0,686.0,171.0
HMG,im2col,5,L2Cache,4,0.5676923076923077,0.25806451612903225,65.0,394.0,673.0,168.0
HMG,im2col,5,L2Cache,5,0.571972581873572,0.21142857142857144,58.0,394.0,693.0,168.0
HMG,im2col,5,L2Cache,6,0.5805970149253732,0.28865979381443296,57.0,394.0,721.0,168.0
HMG,im2col,5,L2Cache,7,0.5790262172284644,0.3065326633165829,63.0,394.0,710.0,168.0
HMG,im2col,5,L2Cache,8,0.5707762557077626,0.25133689839572193,63.0,396.0,687.0,168.0
HMG,im2col,5,L2Cache,9,0.5634674922600619,0.28205128205128205,61.0,396.0,667.0,168.0
HMG,im2col,5,L2Cache,10,0.5668202764976958,0.27461139896373055,66.0,396.0,672.0,168.0
HMG,im2col,5,L2Cache,11,0.5729483282674772,0.28205128205128205,83.0,394.0,671.0,168.0
HMG,im2col,5,L2Cache,12,0.580909768829232,0.3137254901960784,78.0,394.0,701.0,168.0
HMG,im2col,5,L2Cache,13,0.5748865355521936,0.24731182795698925,76.0,394.0,684.0,168.0
HMG,im2col,5,L2Cache,14,0.5799701046337817,0.3137254901960784,76.0,394.0,700.0,168.0
HMG,im2col,5,L2Cache,15,0.5716463414634146,0.2,68.0,394.0,682.0,168.0
HMG,matrixmultiplication,2,L1SCache,,0.9795918367346939,,1536.0,32.0,0.0,0.0
HMG,matrixmultiplication,2,L1ICache,,0.99953534447431,,929289.0,432.0,0.0,0.0
HMG,matrixmultiplication,2,L2Cache,0,0.6175301849304601,0.021473008227975116,8034.0,4005.0,47.0,1000.0
HMG,matrixmultiplication,2,L2Cache,1,0.6202762179389892,0.02323252553575005,8128.0,4004.0,46.0,1000.0
HMG,matrixmultiplication,2,L2Cache,2,0.6221500830439378,0.02205734910767997,8195.0,4005.0,46.0,1000.0
HMG,matrixmultiplication,2,L2Cache,3,0.6219033232628399,0.0246,8187.0,4006.0,47.0,1000.0
HMG,matrixmultiplication,2,L2Cache,4,0.6224836009952499,0.027124052652572797,8202.0,4007.0,54.0,1000.0
HMG,matrixmultiplication,2,L2Cache,5,0.6221786064769381,0.022253408179631114,8189.0,4005.0,53.0,1000.0
HMG,matrixmultiplication,2,L2Cache,6,0.6221316425120773,0.02654690618762475,8195.0,4006.0,47.0,1000.0
HMG,matrixmultiplication,2,L2Cache,7,0.6203837112307575,0.0246,8128.0,4006.0,53.0,1000.0
HMG,matrixmultiplication,2,L2Cache,8,0.6187971644180197,0.023246492985971944,8066.0,4001.0,52.0,1000.0
HMG,matrixmultiplication,2,L2Cache,9,0.6160165847665847,0.02811565304087737,7974.0,4001.0,49.0,1000.0
HMG,matrixmultiplication,2,L2Cache,10,0.6128782601965792,0.02753391859537111,7860.0,4002.0,59.0,1000.0
HMG,matrixmultiplication,2,L2Cache,11,0.6163994784076091,0.033894945490584735,7985.0,4001.0,51.0,1000.0
HMG,matrixmultiplication,2,L2Cache,12,0.6151004386977603,0.03408640507332541,7946.0,4001.0,46.0,1000.0
HMG,matrixmultiplication,2,L2Cache,13,0.6108301563837236,0.022070626003210272,7797.0,4002.0,54.0,1000.0
HMG,matrixmultiplication,2,L2Cache,14,0.6139118350961167,0.026562812063111643,7901.0,4001.0,51.0,1000.0
HMG,matrixmultiplication,2,L2Cache,15,0.6147623083442484,0.02383336671339876,7922.0,4000.0,57.0,1000.0
HMG,matrixmultiplication,3,L1SCache,,0.9795918367346939,,1536.0,32.0,0.0,0.0
HMG,matrixmultiplication,3,L1ICache,,0.9995350644290925,,928729.0,432.0,0.0,0.0
HMG,matrixmultiplication,3,L2Cache,0,0.7121935165377653,0.5228619813717189,12929.0,4247.0,55.0,1000.0
HMG,matrixmultiplication,3,L2Cache,1,0.7103608076795763,0.5112749349522984,12815.0,4250.0,61.0,1000.0
HMG,matrixmultiplication,3,L2Cache,2,0.7081990889901122,0.5133967156439067,12679.0,4253.0,70.0,1000.0
HMG,matrixmultiplication,3,L2Cache,3,0.7086588000664783,0.5234672304439746,12734.0,4259.0,58.0,1000.0
HMG,matrixmultiplication,3,L2Cache,4,0.7085271317829457,0.5242718446601942,12734.0,4264.0,62.0,1000.0
HMG,matrixmultiplication,3,L2Cache,5,0.7074947181140887,0.5123430056301429,12660.0,4261.0,65.0,1000.0
HMG,matrixmultiplication,3,L2Cache,6,0.7080304123425273,0.5218498090793381,12708.0,4261.0,50.0,1000.0
HMG,matrixmultiplication,3,L2Cache,7,0.707237025087612,0.5104257167680278,12657.0,4263.0,57.0,1000.0
HMG,matrixmultiplication,3,L2Cache,8,0.7066122631490693,0.5048415492957746,12577.0,4249.0,65.0,1000.0
HMG,matrixmultiplication,3,L2Cache,9,0.70791142761767,0.51171875,12659.0,4250.0,65.0,1000.0
HMG,matrixmultiplication,3,L2Cache,10,0.7079001501084117,0.5108601216333623,12671.0,4254.0,62.0,1000.0
HMG,matrixmultiplication,3,L2Cache,11,0.7070695807314897,0.4979919678714859,12618.0,4254.0,64.0,1000.0
HMG,matrixmultiplication,3,L2Cache,12,0.7085301472631287,0.513828867761452,12675.0,4245.0,75.0,1000.0
HMG,matrixmultiplication,3,L2Cache,13,0.7080738434163701,0.5114967462039045,12669.0,4250.0,65.0,1000.0
HMG,matrixmultiplication,3,L2Cache,14,0.7087905997117836,0.5119305856832972,12722.0,4254.0,66.0,1000.0
HMG,matrixmultiplication,3,L2Cache,15,0.7096363535728123,0.5263157894736842,12747.0,4246.0,74.0,1000.0
HMG,matrixmultiplication,4,L1SCache,,0.9795918367346939,,1536.0,32.0,0.0,0.0
HMG,matrixmultiplication,4,L1ICache,,0.999535277494199,,929155.0,432.0,0.0,0.0
HMG,matrixmultiplication,4,L2Cache,0,0.2427751196172249,0.2549785966871394,1434.0,4749.0,1103.0,3164.0
HMG,matrixmultiplication,4,L2Cache,1,0.23199378761405554,0.24224072672218017,1280.0,4748.0,1110.0,3164.0
HMG,matrixmultiplication,4,L2Cache,2,0.23313299728576967,0.24314615239175646,1286.0,4749.0,1119.0,3162.0
HMG,matrixmultiplication,4,L2Cache,3,0.24076384224162747,0.2587930396149574,1398.0,4750.0,1111.0,3162.0
HMG,matrixmultiplication,4,L2Cache,4,0.24183194404522373,0.25737066567773037,1388.0,4751.0,1136.0,3162.0
HMG,matrixmultiplication,4,L2Cache,5,0.23343023255813952,0.24314615239175646,1286.0,4749.0,1123.0,3162.0
HMG,matrixmultiplication,4,L2Cache,6,0.2464761904761905,0.2706739526411658,1486.0,4750.0,1102.0,3162.0
HMG,matrixmultiplication,4,L2Cache,7,0.24640441946852082,0.26720351390922403,1460.0,4750.0,1127.0,3162.0
HMG,matrixmultiplication,4,L2Cache,8,0.23337211557106846,0.24333017975402083,1286.0,4745.0,1121.0,3162.0
HMG,matrixmultiplication,4,L2Cache,9,0.24544326748735568,0.2631288004422333,1456.0,4745.0,1116.0,3162.0
HMG,matrixmultiplication,4,L2Cache,10,0.24462699398223325,0.2611747321758404,1442.0,4746.0,1119.0,3162.0
HMG,matrixmultiplication,4,L2Cache,11,0.2434216821356808,0.25765732318544643,1416.0,4745.0,1128.0,3162.0
HMG,matrixmultiplication,4,L2Cache,12,0.24916911974171493,0.2683863885839737,1495.0,4745.0,1129.0,3162.0
HMG,matrixmultiplication,4,L2Cache,13,0.24469914040114613,0.2611747321758404,1442.0,4746.0,1120.0,3162.0
HMG,matrixmultiplication,4,L2Cache,14,0.23618624420401854,0.24318697956093868,1313.0,4745.0,1132.0,3162.0
HMG,matrixmultiplication,4,L2Cache,15,0.23878297708453688,0.2501406337896119,1338.0,4744.0,1142.0,3162.0
HMG,matrixmultiplication,5,L1SCache,,0.9795918367346939,,1536.0,32.0,0.0,0.0
HMG,matrixmultiplication,5,L1ICache,,0.999535279493885,,929159.0,432.0,0.0,0.0
HMG,matrixmultiplication,5,L2Cache,0,0.28204004091772616,0.27534307215582116,1898.0,4005.0,32.0,908.0
HMG,matrixmultiplication,5,L2Cache,1,0.2725118483412322,0.2725118483412322,1807.0,4004.0,33.0,908.0
HMG,matrixmultiplication,5,L2Cache,2,0.2889821919791516,0.28906589427950763,1961.0,4005.0,35.0,906.0
HMG,matrixmultiplication,5,L2Cache,3,0.3010813887307911,0.30116709365214916,2086.0,4006.0,30.0,906.0
HMG,matrixmultiplication,5,L2Cache,4,0.2940077597355942,0.29409228115567054,2003.0,4007.0,43.0,906.0
HMG,matrixmultiplication,5,L2Cache,5,0.2835886214442013,0.2836713847949803,1908.0,4005.0,36.0,906.0
HMG,matrixmultiplication,5,L2Cache,6,0.30098192685356484,0.301067615658363,2087.0,4006.0,28.0,906.0
HMG,matrixmultiplication,5,L2Cache,7,0.27551622418879057,0.27559752139274124,1826.0,4006.0,42.0,906.0
HMG,matrixmultiplication,5,L2Cache,8,0.2811309698212716,0.28121336459554513,1881.0,4001.0,38.0,906.0
HMG,matrixmultiplication,5,L2Cache,9,0.28134153485647334,0.27846425419240955,1891.0,4001.0,30.0,906.0
HMG,matrixmultiplication,5,L2Cache,10,0.26184388629869154,0.2588004230246261,1708.0,4002.0,33.0,906.0
HMG,matrixmultiplication,5,L2Cache,11,0.25459516937566457,0.2514878681519915,1632.0,4001.0,44.0,906.0
HMG,matrixmultiplication,5,L2Cache,12,0.2738976028410772,0.27095719381688466,1814.0,4001.0,37.0,906.0
HMG,matrixmultiplication,5,L2Cache,13,0.2745011086474501,0.27156644394951746,1824.0,4002.0,33.0,906.0
HMG,matrixmultiplication,5,L2Cache,14,0.26662681213570466,0.26428678566071695,1743.0,4001.0,41.0,906.0
HMG,matrixmultiplication,5,L2Cache,15,0.2858806404657933,0.285089637079143,1928.0,4000.0,36.0,906.0
HMG,pagerank,2,L1SCache,,0.9988649262202043,,112640.0,128.0,0.0,0.0
HMG,pagerank,2,L1ICache,,0.9989470340404152,,789317.0,832.0,0.0,0.0
HMG,pagerank,2,L2Cache,0,0.7140074969111888,0.8391705552351492,63603.0,27172.0,4589.0,142.0
HMG,pagerank,2,L2Cache,1,0.7119678444411709,0.8388073056476657,63189.0,27228.0,4475.0,146.0
HMG,pagerank,2,L2Cache,2,0.7137341076754041,0.8383443864845737,63715.0,27203.0,4493.0,154.0
HMG,pagerank,2,L2Cache,3,0.7127084603898972,0.8389314787007034,63288.0,27176.0,4492.0,146.0
HMG,pagerank,2,L2Cache,4,0.7091592727117796,0.8363070483754125,62073.0,27160.0,4505.0,145.0
HMG,pagerank,2,L2Cache,5,0.7132939221172659,0.8380439659039928,63329.0,27100.0,4481.0,156.0
HMG,pagerank,2,L2Cache,6,0.7124831763122477,0.8388490725126475,63272.0,27197.0,4488.0,147.0
HMG,pagerank,2,L2Cache,7,0.7123815946136745,0.8387002884131982,63158.0,27141.0,4452.0,156.0
HMG,pagerank,2,L2Cache,8,0.7118330496558869,0.8378951835349034,62877.0,27118.0,4456.0,140.0
HMG,pagerank,2,L2Cache,9,0.7133903732087554,0.839317137229153,63389.0,27155.0,4565.0,146.0
HMG,pagerank,2,L2Cache,10,0.7108339333361569,0.8368524625039889,62627.0,27168.0,4507.0,142.0
HMG,pagerank,2,L2Cache,11,0.7115400870630996,0.8377590501934595,62861.0,27161.0,4482.0,140.0
HMG,pagerank,2,L2Cache,12,0.7120866108432716,0.8381955126505065,62857.0,27089.0,4495.0,143.0
HMG,pagerank,2,L2Cache,13,0.7110649438750093,0.8369377277684675,62575.0,27120.0,4509.0,139.0
HMG,pagerank,2,L2Cache,14,0.7127156401106443,0.8384973298789192,62965.0,27074.0,4542.0,137.0
HMG,pagerank,2,L2Cache,15,0.7118051151976327,0.8387173585205175,62825.0,27134.0,4526.0,135.0
HMG,pagerank,3,L1SCache,,0.9988649262202043,,112640.0,128.0,0.0,0.0
HMG,pagerank,3,L1ICache,,0.9989437442236012,,786856.0,832.0,0.0,0.0
HMG,pagerank,3,L2Cache,0,0.8750574755495906,0.784058410607505,65804.0,10029.0,4611.0,25.0
HMG,pagerank,3,L2Cache,1,0.873445289289491,0.7812643905006249,64885.0,10030.0,4498.0,23.0
HMG,pagerank,3,L2Cache,2,0.8728565138076366,0.7803021996096405,64873.0,10081.0,4506.0,25.0
HMG,pagerank,3,L2Cache,3,0.8748150634689742,0.7836396740072828,65819.0,10043.0,4545.0,26.0
HMG,pagerank,3,L2Cache,4,0.873842491071988,0.7821198559109268,65184.0,10045.0,4553.0,23.0
HMG,pagerank,3,L2Cache,5,0.8737751224877512,0.7819337702205482,65311.0,10078.0,4598.0,21.0
HMG,pagerank,3,L2Cache,6,0.874344696114581,0.7828567681007346,65119.0,9996.0,4596.0,23.0
HMG,pagerank,3,L2Cache,7,0.8739429374419714,0.7817381207965474,65040.0,10025.0,4615.0,22.0
HMG,pagerank,3,L2Cache,8,0.8743563723832074,0.7832868595329383,65229.0,10005.0,4563.0,24.0
HMG,pagerank,3,L2Cache,9,0.8731006782615286,0.7809465219492904,64503.0,10028.0,4623.0,19.0
HMG,pagerank,3,L2Cache,10,0.8739233365234473,0.7824333800841514,64812.0,9985.0,4588.0,27.0
HMG,pagerank,3,L2Cache,11,0.8741382977392436,0.7832902707514602,65289.0,10036.0,4580.0,24.0
HMG,pagerank,3,L2Cache,12,0.8744226327944573,0.7832638176140458,65092.0,9982.0,4575.0,23.0
HMG,pagerank,3,L2Cache,13,0.8751243657347527,0.7844808932358159,65750.0,10017.0,4617.0,24.0
HMG,pagerank,3,L2Cache,14,0.8741977379045985,0.783236550892955,64720.0,9945.0,4610.0,32.0
HMG,pagerank,3,L2Cache,15,0.8734914794489583,0.7807314074984635,64936.0,10046.0,4621.0,28.0
HMG,pagerank,4,L1SCache,,0.9988649262202043,,112640.0,128.0,0.0,0.0
HMG,pagerank,4,L1ICache,,0.9989437777464635,,786881.0,832.0,0.0,0.0
HMG,pagerank,4,L2Cache,0,0.8647476033358448,0.8664913549405036,64616.0,10396.0,1954.0,16.0
HMG,pagerank,4,L2Cache,1,0.8641643392237216,0.8661039303613822,64268.0,10391.0,1946.0,17.0
HMG,pagerank,4,L2Cache,2,0.8657464199475744,0.8677033149243404,65083.0,10381.0,1963.0,16.0
HMG,pagerank,4,L2Cache,3,0.8660745362432806,0.8680489489528626,65236.0,10372.0,1948.0,17.0
HMG,pagerank,4,L2Cache,4,0.8640527665811653,0.8659711925439526,64065.0,10371.0,1959.0,17.0
HMG,pagerank,4,L2Cache,5,0.8662934362934362,0.8682069638789457,65334.0,10372.0,1977.0,17.0
HMG,pagerank,4,L2Cache,6,0.8651123522535394,0.8668447157573446,64609.0,10369.0,1996.0,16.0
HMG,pagerank,4,L2Cache,7,0.865255102700327,0.8670104847048968,64945.0,10408.0,1992.0,16.0
HMG,pagerank,4,L2Cache,8,0.8649464155654979,0.8666736903100061,64540.0,10365.0,1964.0,19.0
HMG,pagerank,4,L2Cache,9,0.8633535501411691,0.865256566083602,64087.0,10436.0,1963.0,18.0
HMG,pagerank,4,L2Cache,10,0.8666486583828561,0.8684371462402248,65407.0,10348.0,1968.0,19.0
HMG,pagerank,4,L2Cache,11,0.8642985822824469,0.8661942090954681,64221.0,10379.0,1986.0,16.0
HMG,pagerank,4,L2Cache,12,0.8628572179719747,0.864699235626454,63660.0,10416.0,1981.0,17.0
HMG,pagerank,4,L2Cache,13,0.864510183153987,0.8663595679619932,64645.0,10416.0,1956.0,22.0
HMG,pagerank,4,L2Cache,14,0.8646570486504802,0.8664407494824563,64361.0,10367.0,1985.0,18.0
HMG,pagerank,4,L2Cache,15,0.864813562847782,0.8666307263451323,64548.0,10378.0,1970.0,20.0
HMG,pagerank,5,L1SCache,,0.9988649262202043,,112640.0,128.0,0.0,0.0
HMG,pagerank,5,L1ICache,,0.9989428194953234,,786167.0,832.0,0.0,0.0
HMG,pagerank,5,L2Cache,0,0.7013570692565716,0.9136216011534597,62431.0,27161.0,1551.0,83.0
HMG,pagerank,5,L2Cache,1,0.7043340288645453,0.9144338807260155,63286.0,27129.0,1524.0,77.0
HMG,pagerank,5,L2Cache,2,0.700988359323523,0.9136855636220219,62296.0,27150.0,1536.0,78.0
HMG,pagerank,5,L2Cache,3,0.7014028056112225,0.9135016465422613,62130.0,27037.0,1570.0,81.0
HMG,pagerank,5,L2Cache,4,0.7011883991177535,0.9130859945122307,62345.0,27152.0,1555.0,79.0
HMG,pagerank,5,L2Cache,5,0.7039128108243876,0.9150416817687568,62896.0,27033.0,1562.0,80.0
HMG,pagerank,5,L2Cache,6,0.7010276454184142,0.9128903052274587,62365.0,27149.0,1486.0,82.0
HMG,pagerank,5,L2Cache,7,0.7036363240228333,0.9142084171235949,63006.0,27126.0,1585.0,79.0
HMG,pagerank,5,L2Cache,8,0.7012234811292654,0.9134705606380483,62034.0,27002.0,1527.0,80.0
HMG,pagerank,5,L2Cache,9,0.70012980441335,0.9133301103151232,62032.0,27185.0,1614.0,75.0
HMG,pagerank,5,L2Cache,10,0.700522959465125,0.9130830155470813,61950.0,27066.0,1544.0,78.0
HMG,pagerank,5,L2Cache,11,0.7037860943906482,0.9148567217236745,62979.0,27088.0,1561.0,76.0
HMG,pagerank,5,L2Cache,12,0.6985731404225102,0.9126598768356229,61434.0,27090.0,1527.0,77.0
HMG,pagerank,5,L2Cache,13,0.6994857048056186,0.9132432193656683,61695.0,27092.0,1549.0,79.0
HMG,pagerank,5,L2Cache,14,0.7009279950683062,0.9136828550943065,62115.0,27092.0,1558.0,76.0
HMG,pagerank,5,L2Cache,15,0.7015923566878981,0.913336641466476,62278.0,27095.0,1609.0,78.0
superdirectory,bfs,2,L1SCache,,0.9943502824858758,,95744.0,544.0,0.0,0.0
superdirectory,bfs,2,L1ICache,,0.9992605829680525,,4043439.0,2992.0,0.0,0.0
superdirectory,bfs,2,L2Cache,0,0.013646103529942484,0.0,226.0,17476.0,16.0,16.0
superdirectory,bfs,2,L2Cache,1,0.012816150618124078,,226.0,17408.0,0.0,0.0
superdirectory,bfs,2,L2Cache,2,0.018513308198750775,,329.0,17442.0,0.0,0.0
superdirectory,bfs,2,L2Cache,3,0.013573125212080081,,240.0,17442.0,0.0,0.0
superdirectory,bfs,2,L2Cache,4,0.013963480128893663,,247.0,17442.0,0.0,0.0
superdirectory,bfs,2,L2Cache,5,0.013740458015267175,,243.0,17442.0,0.0,0.0
superdirectory,bfs,2,L2Cache,6,0.03512751009570172,,635.0,17442.0,0.0,0.0
superdirectory,bfs,2,L2Cache,7,0.023426553830633863,,418.0,17425.0,0.0,0.0
superdirectory,bfs,2,L2Cache,8,0.011583011583011582,,204.0,17408.0,0.0,0.0
superdirectory,bfs,2,L2Cache,9,0.011470755252697331,,202.0,17408.0,0.0,0.0
superdirectory,bfs,2,L2Cache,10,0.012031782065834279,,212.0,17408.0,0.0,0.0
superdirectory,bfs,2,L2Cache,11,0.011975708042454168,,211.0,17408.0,0.0,0.0
superdirectory,bfs,2,L2Cache,12,0.012424122085437113,,219.0,17408.0,0.0,0.0
superdirectory,bfs,2,L2Cache,13,0.012087849724760229,,213.0,17408.0,0.0,0.0
superdirectory,bfs,2,L2Cache,14,0.011751348282713596,,207.0,17408.0,0.0,0.0
superdirectory,bfs,2,L2Cache,15,0.011583011583011582,,204.0,17408.0,0.0,0.0
superdirectory,bfs,3,L1SCache,,0.9943502824858758,,95744.0,544.0,0.0,0.0
superdirectory,bfs,3,L1ICache,,0.9992604919557492,,4042941.0,2992.0,0.0,0.0
superdirectory,bfs,3,L2Cache,0,0.002270663033605813,0.002297794117647059,10.0,4394.0,0.0,0.0
superdirectory,bfs,3,L2Cache,1,0.002068014705882353,0.002068014705882353,9.0,4343.0,0.0,0.0
superdirectory,bfs,3,L2Cache,2,0.02472711071508131,0.001838235294117647,111.0,4378.0,0.0,0.0
superdirectory,bfs,3,L2Cache,3,0.005677946854417443,0.001838235294117647,25.0,4378.0,0.0,0.0
superdirectory,bfs,3,L2Cache,4,0.0011399908800729594,0.0011488970588235295,5.0,4381.0,0.0,0.0
superdirectory,bfs,3,L2Cache,5,0.0011399908800729594,0.0011488970588235295,5.0,4381.0,0.0,0.0
superdirectory,bfs,3,L2Cache,6,0.08829654310703873,0.001838235294117647,424.0,4378.0,0.0,0.0
superdirectory,bfs,3,L2Cache,7,0.011111111111111112,0.001838235294117647,49.0,4361.0,0.0,0.0
superdirectory,bfs,3,L2Cache,8,0.003676470588235294,0.003676470588235294,16.0,4336.0,0.0,0.0
superdirectory,bfs,3,L2Cache,9,0.003676470588235294,0.003676470588235294,16.0,4336.0,0.0,0.0
superdirectory,bfs,3,L2Cache,10,0.002527573529411765,0.002527573529411765,11.0,4341.0,0.0,0.0
superdirectory,bfs,3,L2Cache,11,0.002527573529411765,0.002527573529411765,11.0,4341.0,0.0,0.0
superdirectory,bfs,3,L2Cache,12,0.002297794117647059,0.002297794117647059,10.0,4342.0,0.0,0.0
superdirectory,bfs,3,L2Cache,13,0.002297794117647059,0.002297794117647059,10.0,4342.0,0.0,0.0
superdirectory,bfs,3,L2Cache,14,0.003676470588235294,0.003676470588235294,16.0,4336.0,0.0,0.0
superdirectory,bfs,3,L2Cache,15,0.003676470588235294,0.003676470588235294,16.0,4336.0,0.0,0.0
superdirectory,bfs,4,L1SCache,,0.9943502824858758,,95744.0,544.0,0.0,0.0
superdirectory,bfs,4,L1ICache,,0.9992605085881844,,4043032.0,2992.0,0.0,0.0
superdirectory,bfs,4,L2Cache,0,0.0029532030895047705,0.0029871323529411763,13.0,4389.0,0.0,0.0
superdirectory,bfs,4,L2Cache,1,0.0029871323529411763,0.0029871323529411763,13.0,4339.0,0.0,0.0
superdirectory,bfs,4,L2Cache,2,0.02517264424147917,0.002297794117647059,113.0,4376.0,0.0,0.0
superdirectory,bfs,4,L2Cache,3,0.006132182602770838,0.002297794117647059,27.0,4376.0,0.0,0.0
superdirectory,bfs,4,L2Cache,4,0.0015959872321021432,0.001608455882352941,7.0,4379.0,0.0,0.0
superdirectory,bfs,4,L2Cache,5,0.0015959872321021432,0.001608455882352941,7.0,4379.0,0.0,0.0
superdirectory,bfs,4,L2Cache,6,0.09678085018572018,0.002068014705882353,469.0,4377.0,0.0,0.0
superdirectory,bfs,4,L2Cache,7,0.01757548445245606,0.002068014705882353,78.0,4360.0,0.0,0.0
superdirectory,bfs,4,L2Cache,8,0.004365808823529412,0.004365808823529412,19.0,4333.0,0.0,0.0
superdirectory,bfs,4,L2Cache,9,0.004365808823529412,0.004365808823529412,19.0,4333.0,0.0,0.0
superdirectory,bfs,4,L2Cache,10,0.003676470588235294,0.003676470588235294,16.0,4336.0,0.0,0.0
superdirectory,bfs,4,L2Cache,11,0.003676470588235294,0.003676470588235294,16.0,4336.0,0.0,0.0
superdirectory,bfs,4,L2Cache,12,0.003446691176470588,0.003446691176470588,15.0,4337.0,0.0,0.0
superdirectory,bfs,4,L2Cache,13,0.003446691176470588,0.003446691176470588,15.0,4337.0,0.0,0.0
superdirectory,bfs,4,L2Cache,14,0.00505514705882353,0.00505514705882353,22.0,4330.0,0.0,0.0
superdirectory,bfs,4,L2Cache,15,0.00505514705882353,0.00505514705882353,22.0,4330.0,0.0,0.0
superdirectory,bfs,5,L1SCache,,0.9943502824858758,,95744.0,544.0,0.0,0.0
superdirectory,bfs,5,L1ICache,,0.9992605551915723,,4043287.0,2992.0,0.0,0.0
superdirectory,bfs,5,L2Cache,0,0.007016749660479855,0.003446691176470588,15.0,4387.0,16.0,0.0
superdirectory,bfs,5,L2Cache,1,0.003446691176470588,0.003446691176470588,15.0,4337.0,0.0,0.0
superdirectory,bfs,5,L2Cache,2,0.025840944531075962,0.0029871323529411763,116.0,4373.0,0.0,0.0
superdirectory,bfs,5,L2Cache,3,0.006813536225300931,0.0029871323529411763,30.0,4373.0,0.0,0.0
superdirectory,bfs,5,L2Cache,4,0.002051983584131327,0.002068014705882353,9.0,4377.0,0.0,0.0
superdirectory,bfs,5,L2Cache,5,0.002051983584131327,0.002068014705882353,9.0,4377.0,0.0,0.0
superdirectory,bfs,5,L2Cache,6,0.08823529411764706,0.003446691176470588,423.0,4371.0,0.0,0.0
superdirectory,bfs,5,L2Cache,7,0.01981089599279604,0.003446691176470588,88.0,4354.0,0.0,0.0
superdirectory,bfs,5,L2Cache,8,0.00666360294117647,0.00666360294117647,29.0,4323.0,0.0,0.0
superdirectory,bfs,5,L2Cache,9,0.00666360294117647,0.00666360294117647,29.0,4323.0,0.0,0.0
superdirectory,bfs,5,L2Cache,10,0.00505514705882353,0.00505514705882353,22.0,4330.0,0.0,0.0
superdirectory,bfs,5,L2Cache,11,0.00505514705882353,0.00505514705882353,22.0,4330.0,0.0,0.0
superdirectory,bfs,5,L2Cache,12,0.004825367647058824,0.004825367647058824,21.0,4331.0,0.0,0.0
superdirectory,bfs,5,L2Cache,13,0.004825367647058824,0.004825367647058824,21.0,4331.0,0.0,0.0
superdirectory,bfs,5,L2Cache,14,0.0059742647058823525,0.0059742647058823525,26.0,4326.0,0.0,0.0
superdirectory,bfs,5,L2Cache,15,0.0059742647058823525,0.0059742647058823525,26.0,4326.0,0.0,0.0
superdirectory,im2col,2,L1SCache,,0.995850622406639,,11520.0,48.0,0.0,0.0
superdirectory,im2col,2,L1ICache,,0.9940162061084563,,47842.0,288.0,0.0,0.0
superdirectory,im2col,2,L2Cache,0,0.5951126018207954,0.5683962264150944,301.0,332.0,941.0,513.0
superdirectory,im2col,2,L2Cache,1,0.6028301886792453,0.5763888888888888,345.0,329.0,933.0,513.0
superdirectory,im2col,2,L2Cache,2,0.5831683168316831,0.5577156743620899,346.0,330.0,832.0,512.0
superdirectory,im2col,2,L2Cache,3,0.591460456089277,0.5737704918032787,287.0,330.0,932.0,512.0
superdirectory,im2col,2,L2Cache,4,0.591460456089277,0.5676959619952494,300.0,330.0,919.0,512.0
superdirectory,im2col,2,L2Cache,5,0.599047619047619,0.5951056729699666,345.0,330.0,913.0,512.0
superdirectory,im2col,2,L2Cache,6,0.5969363331737674,0.5923852183650616,322.0,330.0,925.0,512.0
superdirectory,im2col,2,L2Cache,7,0.5860373647984267,0.5727699530516432,275.0,330.0,917.0,512.0
superdirectory,im2col,2,L2Cache,8,0.586495810744209,0.5650602409638554,334.0,327.0,856.0,512.0
superdirectory,im2col,2,L2Cache,9,0.5789473684210527,0.5552825552825553,364.0,328.0,791.0,512.0
superdirectory,im2col,2,L2Cache,10,0.5934172313649564,0.5761124121779859,361.0,328.0,865.0,512.0
superdirectory,im2col,2,L2Cache,11,0.5778337531486146,0.5536374845869297,288.0,326.0,859.0,512.0
superdirectory,im2col,2,L2Cache,12,0.5759109311740891,0.5469336670838548,309.0,326.0,829.0,512.0
superdirectory,im2col,2,L2Cache,13,0.583705911574764,0.559074299634592,301.0,326.0,874.0,512.0
superdirectory,im2col,2,L2Cache,14,0.5882063882063882,0.5775962660443408,327.0,326.0,870.0,512.0
superdirectory,im2col,2,L2Cache,15,0.5939922480620154,0.5834292289988493,294.0,326.0,932.0,512.0
superdirectory,im2col,3,L1SCache,,0.995850622406639,,11520.0,48.0,0.0,0.0
superdirectory,im2col,3,L1ICache,,0.9940162061084563,,47842.0,288.0,0.0,0.0
superdirectory,im2col,3,L2Cache,0,0.607318161535029,0.5887949260042283,349.0,366.0,1012.0,514.0
superdirectory,im2col,3,L2Cache,1,0.6039603960396039,0.5878023133543638,367.0,361.0,975.0,519.0
superdirectory,im2col,3,L2Cache,2,0.6007309273640932,0.5906183368869936,376.0,363.0,939.0,511.0
superdirectory,im2col,3,L2Cache,3,0.5975103734439834,0.579582875960483,362.0,361.0,934.0,512.0
superdirectory,im2col,3,L2Cache,4,0.5962962962962963,0.5806805708013172,362.0,360.0,926.0,512.0
superdirectory,im2col,3,L2Cache,5,0.5999081304547542,0.592948717948718,377.0,359.0,929.0,512.0
superdirectory,im2col,3,L2Cache,6,0.5964831096714484,0.5874730021598272,371.0,360.0,918.0,512.0
superdirectory,im2col,3,L2Cache,7,0.5834522111269614,0.5527230590961761,349.0,364.0,878.0,512.0
superdirectory,im2col,3,L2Cache,8,0.586469747498809,0.5584112149532711,389.0,356.0,842.0,512.0
superdirectory,im2col,3,L2Cache,9,0.6006419073819349,0.5981012658227848,407.0,359.0,903.0,512.0
superdirectory,im2col,3,L2Cache,10,0.5974025974025974,0.590465872156013,411.0,356.0,877.0,512.0
superdirectory,im2col,3,L2Cache,11,0.6085393258426967,0.6071794871794872,389.0,359.0,965.0,512.0
superdirectory,im2col,3,L2Cache,12,0.5930451127819549,0.5762331838565022,424.0,354.0,838.0,512.0
superdirectory,im2col,3,L2Cache,13,0.5971122496506753,0.587527352297593,429.0,353.0,853.0,512.0
superdirectory,im2col,3,L2Cache,14,0.5804263565891473,0.5625,426.0,354.0,772.0,512.0
superdirectory,im2col,3,L2Cache,15,0.6076923076923076,0.6035564853556485,397.0,355.0,946.0,512.0
superdirectory,im2col,4,L1SCache,,0.995850622406639,,11520.0,48.0,0.0,0.0
superdirectory,im2col,4,L1ICache,,0.9940162061084563,,47842.0,288.0,0.0,0.0
superdirectory,im2col,4,L2Cache,0,0.6044528659403127,0.5981735159817352,329.0,353.0,947.0,482.0
superdirectory,im2col,4,L2Cache,1,0.6052508204406939,0.6008820286659317,330.0,356.0,961.0,486.0
superdirectory,im2col,4,L2Cache,2,0.5920038535645472,0.581901489117984,332.0,358.0,897.0,489.0
superdirectory,im2col,4,L2Cache,3,0.5959595959595959,0.5846867749419954,326.0,358.0,913.0,482.0
superdirectory,im2col,4,L2Cache,4,0.5900195694716243,0.5801886792452831,324.0,356.0,882.0,482.0
superdirectory,im2col,4,L2Cache,5,0.5904669260700389,0.5818815331010453,331.0,360.0,883.0,482.0
superdirectory,im2col,4,L2Cache,6,0.5965500718735026,0.5833333333333334,330.0,360.0,915.0,482.0
superdirectory,im2col,4,L2Cache,7,0.5976019184652278,0.5910652920962199,347.0,357.0,899.0,482.0
superdirectory,im2col,4,L2Cache,8,0.5909528392685275,0.5846501128668171,327.0,368.0,901.0,482.0
superdirectory,im2col,4,L2Cache,9,0.5845173934345909,0.5758980301274623,320.0,366.0,873.0,482.0
superdirectory,im2col,4,L2Cache,10,0.5881495871782418,0.5793103448275863,307.0,366.0,904.0,482.0
superdirectory,im2col,4,L2Cache,11,0.5809806835066865,0.5536585365853659,311.0,364.0,862.0,482.0
superdirectory,im2col,4,L2Cache,12,0.5871694417238001,0.5803468208092486,298.0,361.0,901.0,482.0
superdirectory,im2col,4,L2Cache,13,0.5773660490736104,0.5656324582338902,293.0,362.0,860.0,482.0
superdirectory,im2col,4,L2Cache,14,0.5791563275434243,0.5634638196915777,292.0,366.0,875.0,482.0
superdirectory,im2col,4,L2Cache,15,0.578,0.5517241379310345,301.0,362.0,855.0,482.0
superdirectory,im2col,5,L1SCache,,0.9952267303102625,,10008.0,48.0,0.0,0.0
superdirectory,im2col,5,L1ICache,,0.9931149892421707,,41542.0,288.0,0.0,0.0
superdirectory,im2col,5,L2Cache,0,0.5847520355292376,0.25555555555555554,74.0,393.0,716.0,168.0
superdirectory,im2col,5,L2Cache,1,0.5829596412556054,0.23863636363636365,77.0,390.0,703.0,168.0
superdirectory,im2col,5,L2Cache,2,0.5770097670924117,0.28272251308900526,74.0,390.0,694.0,173.0
superdirectory,im2col,5,L2Cache,3,0.5896501457725948,0.3397129186602871,73.0,392.0,736.0,171.0
superdirectory,im2col,5,L2Cache,4,0.5653518948182521,0.21142857142857144,68.0,394.0,663.0,168.0
superdirectory,im2col,5,L2Cache,5,0.5683563748079877,0.1038961038961039,70.0,394.0,670.0,168.0
superdirectory,im2col,5,L2Cache,6,0.5732725892179195,0.1686746987951807,66.0,394.0,689.0,168.0
superdirectory,im2col,5,L2Cache,7,0.5818452380952381,0.2923076923076923,78.0,394.0,704.0,168.0
superdirectory,im2col,5,L2Cache,8,0.5661538461538461,0.24324324324324326,68.0,396.0,668.0,168.0
superdirectory,im2col,5,L2Cache,9,0.5743396226415094,0.3034825870646766,72.0,396.0,689.0,168.0
superdirectory,im2col,5,L2Cache,10,0.5736961451247166,0.20454545454545456,74.0,396.0,685.0,168.0
superdirectory,im2col,5,L2Cache,11,0.571972581873572,0.16167664670658682,77.0,394.0,674.0,168.0
superdirectory,im2col,5,L2Cache,12,0.5739196360879454,0.27835051546391754,80.0,394.0,677.0,168.0
superdirectory,im2col,5,L2Cache,13,0.5735963581183612,0.3069306930693069,88.0,394.0,668.0,168.0
superdirectory,im2col,5,L2Cache,14,0.5830860534124629,0.33649289099526064,81.0,394.0,705.0,168.0
superdirectory,im2col,5,L2Cache,15,0.5739196360879454,0.20454545454545456,67.0,394.0,690.0,168.0
superdirectory,matrixmultiplication,2,L1SCache,,0.9795918367346939,,1536.0,32.0,0.0,0.0
superdirectory,matrixmultiplication,2,L1ICache,,0.9995353694619428,,929339.0,432.0,0.0,0.0
superdirectory,matrixmultiplication,2,L2Cache,0,0.6751583189407023,0.23486302564997383,9352.0,3514.0,30.0,1000.0
superdirectory,matrixmultiplication,2,L2Cache,1,0.6758210239495196,0.23595896365849417,9386.0,3521.0,39.0,1000.0
superdirectory,matrixmultiplication,2,L2Cache,2,0.6784542991587053,0.2380455572943836,9475.0,3510.0,41.0,1000.0
superdirectory,matrixmultiplication,2,L2Cache,3,0.6784414472275744,0.23984022229940952,9472.0,3506.0,35.0,1000.0
superdirectory,matrixmultiplication,2,L2Cache,4,0.6781437125748503,0.2361546499477534,9476.0,3515.0,37.0,1000.0
superdirectory,matrixmultiplication,2,L2Cache,5,0.6781256686398973,0.2389795209996529,9467.0,3513.0,41.0,1000.0
superdirectory,matrixmultiplication,2,L2Cache,6,0.6806018879977287,0.2480646826079477,9551.0,3500.0,38.0,1000.0
superdirectory,matrixmultiplication,2,L2Cache,7,0.6790714285714285,0.2474564580100017,9473.0,3493.0,34.0,1000.0
superdirectory,matrixmultiplication,2,L2Cache,8,0.6805257893984855,0.25253741613624636,9492.0,3472.0,34.0,1000.0
superdirectory,matrixmultiplication,2,L2Cache,9,0.6787076347413111,0.25985326736051867,9385.0,3465.0,47.0,1000.0
superdirectory,matrixmultiplication,2,L2Cache,10,0.6759501015375688,0.2565947242206235,9288.0,3468.0,32.0,1000.0
superdirectory,matrixmultiplication,2,L2Cache,11,0.6785997262839444,0.2614991482112436,9376.0,3462.0,45.0,1000.0
superdirectory,matrixmultiplication,2,L2Cache,12,0.6799654328100245,0.2671872347648956,9398.0,3444.0,44.0,1000.0
superdirectory,matrixmultiplication,2,L2Cache,13,0.6762479988356862,0.2615831766113866,9253.0,3449.0,40.0,1000.0
superdirectory,matrixmultiplication,2,L2Cache,14,0.6786515228242784,0.2618517884648297,9339.0,3442.0,42.0,1000.0
superdirectory,matrixmultiplication,2,L2Cache,15,0.6813464033443852,0.26756480218281037,9415.0,3421.0,38.0,1000.0
superdirectory,matrixmultiplication,3,L1SCache,,0.9795918367346939,,1536.0,32.0,0.0,0.0
superdirectory,matrixmultiplication,3,L1ICache,,0.9995350699332308,,928740.0,432.0,0.0,0.0
superdirectory,matrixmultiplication,3,L2Cache,0,0.6730569178183979,0.5187873612297181,13552.0,5600.0,35.0,1000.0
superdirectory,matrixmultiplication,3,L2Cache,1,0.6723522411741373,0.5052677787532923,13527.0,5608.0,33.0,1000.0
superdirectory,matrixmultiplication,3,L2Cache,2,0.6694665266736664,0.5046194456665201,13361.0,5611.0,29.0,1000.0
superdirectory,matrixmultiplication,3,L2Cache,3,0.6733221310665217,0.5428687525396181,13592.0,5610.0,32.0,1000.0
superdirectory,matrixmultiplication,3,L2Cache,4,0.6701904856886407,0.5112749349522984,13409.0,5614.0,31.0,1000.0
superdirectory,matrixmultiplication,3,L2Cache,5,0.6700593723494487,0.5054896794027229,13397.0,5613.0,33.0,1000.0
superdirectory,matrixmultiplication,3,L2Cache,6,0.6706070128185945,0.5175513698630136,13416.0,5604.0,29.0,1000.0
superdirectory,matrixmultiplication,3,L2Cache,7,0.6702303042413948,0.5048330404217927,13385.0,5601.0,31.0,1000.0
superdirectory,matrixmultiplication,3,L2Cache,8,0.6682946478022255,0.5063736263736264,13239.0,5588.0,34.0,1000.0
superdirectory,matrixmultiplication,3,L2Cache,9,0.6740109917314453,0.555952380952381,13578.0,5584.0,35.0,1000.0
superdirectory,matrixmultiplication,3,L2Cache,10,0.6759551004332415,0.5774754346182918,13692.0,5582.0,38.0,1000.0
superdirectory,matrixmultiplication,3,L2Cache,11,0.6796201607012418,0.606852702225362,13916.0,5579.0,40.0,1000.0
superdirectory,matrixmultiplication,3,L2Cache,12,0.6779702485809356,0.5968908170643529,13820.0,5581.0,35.0,1000.0
superdirectory,matrixmultiplication,3,L2Cache,13,0.677760375880971,0.5982721382289417,13804.0,5584.0,44.0,1000.0
superdirectory,matrixmultiplication,3,L2Cache,14,0.6774698913149907,0.596745027124774,13806.0,5588.0,32.0,1000.0
superdirectory,matrixmultiplication,3,L2Cache,15,0.6782752902155887,0.6125217391304347,13869.0,5596.0,37.0,1000.0
superdirectory,matrixmultiplication,4,L1SCache,,0.9795918367346939,,1536.0,32.0,0.0,0.0
superdirectory,matrixmultiplication,4,L1ICache,,0.9995352309966498,,929062.0,432.0,0.0,0.0
superdirectory,matrixmultiplication,4,L2Cache,0,0.4059563504092149,0.5129540101648692,4202.0,4675.0,1155.0,3164.0
superdirectory,matrixmultiplication,4,L2Cache,1,0.4881117038793387,0.6178041543026707,6246.0,4608.0,1165.0,3164.0
superdirectory,matrixmultiplication,4,L2Cache,2,0.44342922407024055,0.5639300134589502,5029.0,4634.0,1183.0,3163.0
superdirectory,matrixmultiplication,4,L2Cache,3,0.4825016633399867,0.6114457831325302,6091.0,4616.0,1161.0,3162.0
superdirectory,matrixmultiplication,4,L2Cache,4,0.4497567167336577,0.5726514486391572,5218.0,4640.0,1160.0,3163.0
superdirectory,matrixmultiplication,4,L2Cache,5,0.5112217879208171,0.6428836863619473,6920.0,4590.0,1189.0,3163.0
superdirectory,matrixmultiplication,4,L2Cache,6,0.45789253897550114,0.5819239469998922,5402.0,4627.0,1177.0,3162.0
superdirectory,matrixmultiplication,4,L2Cache,7,0.5037392138063279,0.635055839485141,6710.0,4602.0,1171.0,3162.0
superdirectory,matrixmultiplication,4,L2Cache,8,0.40854442344045366,0.519292209388056,4226.0,4658.0,1177.0,3164.0
superdirectory,matrixmultiplication,4,L2Cache,9,0.5047904956566173,0.6351466818570208,6718.0,4589.0,1185.0,3164.0
superdirectory,matrixmultiplication,4,L2Cache,10,0.4278180619644034,0.5432849789424427,4672.0,4650.0,1169.0,3162.0
superdirectory,matrixmultiplication,4,L2Cache,11,0.45833623390184475,0.5803445660418247,5384.0,4619.0,1200.0,3162.0
superdirectory,matrixmultiplication,4,L2Cache,12,0.4204081632653061,0.5331418999760709,4484.0,4648.0,1181.0,3162.0
superdirectory,matrixmultiplication,4,L2Cache,13,0.4871438958292022,0.615,6178.0,4596.0,1192.0,3163.0
superdirectory,matrixmultiplication,4,L2Cache,14,0.41811950528982267,0.5302756711207416,4433.0,4648.0,1179.0,3162.0
superdirectory,matrixmultiplication,4,L2Cache,15,0.4649786707031788,0.5885793279455551,5549.0,4614.0,1209.0,3162.0
superdirectory,matrixmultiplication,5,L1SCache,,0.9795918367346939,,1536.0,32.0,0.0,0.0
superdirectory,matrixmultiplication,5,L1ICache,,0.9995351754873932,,928951.0,432.0,0.0,0.0
superdirectory,matrixmultiplication,5,L2Cache,0,0.5364802241620864,0.5333767502442202,4949.0,3393.0,29.0,908.0
superdirectory,matrixmultiplication,5,L2Cache,1,0.641219429347826,0.641219429347826,7523.0,3317.0,28.0,908.0
superdirectory,matrixmultiplication,5,L2Cache,2,0.5920598388952819,0.5921734126222904,6136.0,3347.0,38.0,907.0
superdirectory,matrixmultiplication,5,L2Cache,3,0.6336479348861374,0.6337576859790421,7284.0,3324.0,34.0,907.0
superdirectory,matrixmultiplication,5,L2Cache,4,0.5900038669760247,0.5901179655772578,6068.0,3335.0,35.0,906.0
superdirectory,matrixmultiplication,5,L2Cache,5,0.6611416558861578,0.6612485848293709,8134.0,3285.0,43.0,906.0
superdirectory,matrixmultiplication,5,L2Cache,6,0.6072425991435487,0.6073556797020484,6484.0,3313.0,39.0,906.0
superdirectory,matrixmultiplication,5,L2Cache,7,0.6560650887573964,0.6561729409830676,7946.0,3279.0,37.0,906.0
superdirectory,matrixmultiplication,5,L2Cache,8,0.5477992113396568,0.5479160004263938,5098.0,3337.0,42.0,906.0
superdirectory,matrixmultiplication,5,L2Cache,9,0.6551353140776297,0.6544428772919605,7879.0,3261.0,37.0,906.0
superdirectory,matrixmultiplication,5,L2Cache,10,0.5418607169933932,0.5405845919808758,4961.0,3324.0,42.0,906.0
superdirectory,matrixmultiplication,5,L2Cache,11,0.598853320592451,0.5978917105893627,6221.0,3292.0,46.0,906.0
superdirectory,matrixmultiplication,5,L2Cache,12,0.5479525286004491,0.5467124316207229,5087.0,3322.0,38.0,906.0
superdirectory,matrixmultiplication,5,L2Cache,13,0.629973474801061,0.6291666666666667,7079.0,3279.0,46.0,906.0
superdirectory,matrixmultiplication,5,L2Cache,14,0.5380470639982406,0.536738746690203,4858.0,3295.0,35.0,906.0
superdirectory,matrixmultiplication,5,L2Cache,15,0.6104006018431446,0.6100178890876565,6439.0,3237.0,52.0,906.0
superdirectory,pagerank,2,L1SCache,,0.9988649262202043,,112640.0,128.0,0.0,0.0
superdirectory,pagerank,2,L1ICache,,0.9989468501071505,,789179.0,832.0,0.0,0.0
superdirectory,pagerank,2,L2Cache,0,0.7147304861941003,0.8415314866741791,63887.0,27066.0,4294.0,147.0
superdirectory,pagerank,2,L2Cache,1,0.7140174168502781,0.8416121434179534,63663.0,27096.0,4390.0,161.0
superdirectory,pagerank,2,L2Cache,2,0.7147852408538177,0.8412462521183679,64162.0,27164.0,4318.0,161.0
superdirectory,pagerank,2,L2Cache,3,0.713644863740466,0.840421052631579,63570.0,27091.0,4359.0,166.0
superdirectory,pagerank,2,L2Cache,4,0.7105084097046503,0.8396730419916658,62539.0,27063.0,4290.0,166.0
superdirectory,pagerank,2,L2Cache,5,0.7148174945211656,0.8406622238547515,63795.0,27032.0,4375.0,165.0
superdirectory,pagerank,2,L2Cache,6,0.7129034632899677,0.8410056190149576,63503.0,27135.0,4282.0,163.0
superdirectory,pagerank,2,L2Cache,7,0.7134111063189674,0.841445719562063,63452.0,27084.0,4367.0,160.0
superdirectory,pagerank,2,L2Cache,8,0.7120861224791938,0.8399820115337813,63051.0,27059.0,4286.0,167.0
superdirectory,pagerank,2,L2Cache,9,0.7141282670305448,0.8416463110340662,63706.0,27071.0,4329.0,164.0
superdirectory,pagerank,2,L2Cache,10,0.7128437945415192,0.8422258506267776,63186.0,27041.0,4331.0,157.0
superdirectory,pagerank,2,L2Cache,11,0.7139323122269593,0.8411018064991836,63418.0,27019.0,4402.0,156.0
superdirectory,pagerank,2,L2Cache,12,0.7131260739850512,0.8410921285416282,63264.0,27057.0,4381.0,155.0
superdirectory,pagerank,2,L2Cache,13,0.7133727010553226,0.8416811961747768,63094.0,26975.0,4436.0,158.0
superdirectory,pagerank,2,L2Cache,14,0.7128961471916276,0.8408310892866572,63161.0,27060.0,4413.0,154.0
superdirectory,pagerank,2,L2Cache,15,0.7124024211182355,0.840572033898305,63024.0,27074.0,4417.0,152.0
superdirectory,pagerank,3,L1SCache,,0.9988649262202043,,112640.0,128.0,0.0,0.0
superdirectory,pagerank,3,L1ICache,,0.9989442066512443,,787201.0,832.0,0.0,0.0
superdirectory,pagerank,3,L2Cache,0,0.8749142693252528,0.7847470479904669,65683.0,10009.0,4479.0,22.0
superdirectory,pagerank,3,L2Cache,1,0.8743344787221992,0.7833512140652026,64944.0,9964.0,4521.0,20.0
superdirectory,pagerank,3,L2Cache,2,0.873024681237467,0.7813418110063582,64728.0,10047.0,4495.0,21.0
superdirectory,pagerank,3,L2Cache,3,0.8746478170892862,0.7837914115757023,65596.0,10036.0,4563.0,19.0
superdirectory,pagerank,3,L2Cache,4,0.874395105684126,0.7831201486826281,65252.0,9997.0,4495.0,22.0
superdirectory,pagerank,3,L2Cache,5,0.8742321694419076,0.7829328914664457,65303.0,10034.0,4577.0,19.0
superdirectory,pagerank,3,L2Cache,6,0.8738615206561666,0.7827760404137599,64904.0,10008.0,4561.0,19.0
superdirectory,pagerank,3,L2Cache,7,0.8733499235754077,0.7807151218003932,64551.0,10004.0,4586.0,22.0
superdirectory,pagerank,3,L2Cache,8,0.874034469744622,0.7831541218637993,64927.0,9991.0,4550.0,22.0
superdirectory,pagerank,3,L2Cache,9,0.8731340458554682,0.7814473684210527,64656.0,10034.0,4539.0,20.0
superdirectory,pagerank,3,L2Cache,10,0.8731209418660468,0.7813982083260144,64432.0,10023.0,4686.0,21.0
superdirectory,pagerank,3,L2Cache,11,0.8744871199668746,0.7835843702248417,65091.0,9984.0,4603.0,19.0
superdirectory,pagerank,3,L2Cache,12,0.8739280992255871,0.7824332916748887,64834.0,9991.0,4569.0,21.0
superdirectory,pagerank,3,L2Cache,13,0.8749124299439551,0.7845792665695716,65340.0,9979.0,4597.0,20.0
superdirectory,pagerank,3,L2Cache,14,0.8735346988378864,0.7825351122052003,64403.0,9968.0,4601.0,22.0
superdirectory,pagerank,3,L2Cache,15,0.8740157480314961,0.7823199333654816,64861.0,9996.0,4625.0,20.0
superdirectory,pagerank,4,L1SCache,,0.9988649262202043,,112640.0,128.0,0.0,0.0
superdirectory,pagerank,4,L1ICache,,0.9989435819428696,,786735.0,832.0,0.0,0.0
superdirectory,pagerank,4,L2Cache,0,0.8666053357865685,0.8683012580844058,64957.0,10271.0,1925.0,24.0
superdirectory,pagerank,4,L2Cache,1,0.8658441049745398,0.8678005462678295,64386.0,10255.0,1929.0,20.0
superdirectory,pagerank,4,L2Cache,2,0.8672192216965932,0.8691360922057941,65351.0,10279.0,1927.0,22.0
superdirectory,pagerank,4,L2Cache,3,0.8680191944012041,0.8699927166788055,65523.0,10241.0,1949.0,18.0
superdirectory,pagerank,4,L2Cache,4,0.8655684333897643,0.8675105040633273,64513.0,10305.0,1954.0,18.0
superdirectory,pagerank,4,L2Cache,5,0.8682624728571612,0.8701995530842385,65608.0,10236.0,1968.0,17.0
superdirectory,pagerank,4,L2Cache,6,0.8662918728464468,0.8679757951248966,64896.0,10305.0,1980.0,17.0
superdirectory,pagerank,4,L2Cache,7,0.8668710708028445,0.8686054248698579,65310.0,10319.0,1980.0,15.0
superdirectory,pagerank,4,L2Cache,8,0.8664641823397323,0.8682301931415057,64766.0,10272.0,1989.0,16.0
superdirectory,pagerank,4,L2Cache,9,0.8658009784532112,0.8676683419730021,64555.0,10300.0,1987.0,14.0
superdirectory,pagerank,4,L2Cache,10,0.868197902592807,0.8699636799146022,65475.0,10230.0,1997.0,13.0
superdirectory,pagerank,4,L2Cache,11,0.8665085858717461,0.8683846488281095,64516.0,10234.0,1992.0,12.0
superdirectory,pagerank,4,L2Cache,12,0.8643332939182531,0.8661466500119595,63793.0,10313.0,1994.0,13.0
superdirectory,pagerank,4,L2Cache,13,0.8667228415867254,0.8686537831641009,64879.0,10269.0,1980.0,12.0
superdirectory,pagerank,4,L2Cache,14,0.8659553097402851,0.8676938514146896,64385.0,10264.0,2000.0,12.0
superdirectory,pagerank,4,L2Cache,15,0.8660423558831957,0.8679088754279695,64513.0,10273.0,1980.0,12.0
superdirectory,pagerank,5,L1SCache,,0.9988649262202043,,112640.0,128.0,0.0,0.0
superdirectory,pagerank,5,L1ICache,,0.9989428235252261,,786170.0,832.0,0.0,0.0
superdirectory,pagerank,5,L2Cache,0,0.7028535096085331,0.9143772760378732,62566.0,27029.0,1549.0,77.0
superdirectory,pagerank,5,L2Cache,1,0.706369205369944,0.9149450422972896,63432.0,26958.0,1602.0,76.0
superdirectory,pagerank,5,L2Cache,2,0.7019187519884151,0.9139317349365943,62357.0,27093.0,1625.0,78.0
superdirectory,pagerank,5,L2Cache,3,0.7024523699650603,0.9139192801530843,62296.0,27001.0,1637.0,80.0
superdirectory,pagerank,5,L2Cache,4,0.7021468083238213,0.9135514018691588,62421.0,27056.0,1553.0,82.0
superdirectory,pagerank,5,L2Cache,5,0.7051850718874273,0.9152984858153971,62917.0,26901.0,1630.0,84.0
superdirectory,pagerank,5,L2Cache,6,0.7019449355897954,0.9131191922148241,62367.0,27057.0,1550.0,83.0
superdirectory,pagerank,5,L2Cache,7,0.703989703989704,0.9144517550215936,62909.0,27060.0,1637.0,80.0
superdirectory,pagerank,5,L2Cache,8,0.7015330918087832,0.913540135254337,62006.0,26943.0,1508.0,79.0
superdirectory,pagerank,5,L2Cache,9,0.7016538110276075,0.9138486784270058,62184.0,27039.0,1583.0,75.0
superdirectory,pagerank,5,L2Cache,10,0.701800789085058,0.913434497304898,62111.0,26976.0,1569.0,82.0
superdirectory,pagerank,5,L2Cache,11,0.7049350479083132,0.9150664697193501,62906.0,26932.0,1616.0,75.0
superdirectory,pagerank,5,L2Cache,12,0.6991608205310363,0.9126554694101428,61434.0,27024.0,1552.0,78.0
superdirectory,pagerank,5,L2Cache,13,0.7004024791830671,0.9132893357546766,61584.0,26944.0,1586.0,77.0
superdirectory,pagerank,5,L2Cache,14,0.7011792218680022,0.9137353925656233,62001.0,27010.0,1563.0,79.0
superdirectory,pagerank,5,L2Cache,15,0.7028819963096389,0.9136370273032559,62353.0,26973.0,1643.0,79.0
